Workbook

Sheet 26년 타임테이블_조정안(전세라)
A3: 46133
A4: 발표10분 질의 10분 이동5분 | G4: : 추가 취소자 | K4: : 유형 중복(실특으로 통합 발표, 2개 심사표 작성(이승원-지역기반중복, 박한규-대학발 중복) | U4: : 온라인 발표
F5: 정보ㆍ통신1 | K5: 정보ㆍ통신2 | P5: 정보ㆍ통신3(친성) | U5: 정보ㆍ통신4 | Z5: 전기ㆍ전자 | AE5: 기계ㆍ소재 | AJ5: 바이오ㆍ의료ㆍ생명1 | AO5: 바이오ㆍ의료ㆍ생명2 | AT5: 화공ㆍ섬유 | AY5: 에너지ㆍ자원 | BD5: 공예ㆍ디자인
A6: 연번 | C6: 시작 | D6: 종료 | E6: 소요시간 | F6: 위원7명 | G6: 105호 | J6: 박유진 | K6: 위원7명 | L6: 108호 | O6: 이수화 | P6: 위원7명 | Q6: 107호 | T6: 김이진 | U6: 위원7명 | V6: 110호 | Y6: 김지희 | Z6: 위원7명 | AA6: 205호 | AD6: 신동영 | AE6: 위원7명 | AF6: 1304호 | AI6: 박영선 | AJ6: 위원7명 | AK6: 1301호 | AN6: 김도훈 | AO6: 위원7명 | AP6: 1302호 | AS6: 지진훈 | AT6: 위원7명 | AU6: 201호 | AX6: 최희정 | AY6: 위원7명 | AZ6: 208~209호 | BC6: 정승아 | BD6: 위원7명 | BE6: 202호 | BH6: 김수진
C7: 0930 | D7: 1000 | E7: 30 | F7: OT 등
A8: =SUBTOTAL(103,$B$7:B8) -> 1 | B8: 1일차 | C8: 1000 | D8: 1020 | E8: 20 | F8: 20426148 | G8: =VLOOKUP(F8,[1]데이터시트!$B$3:$N$196,2,FALSE) -> 강경민 | H8: =VLOOKUP(F8,[1]데이터시트!$B$3:$N$196,4,FALSE) -> 0 | I8: =VLOOKUP(F8,[1]데이터시트!$B$3:$N$196,11,FALSE) -> 예비 | J8: =VLOOKUP(F8,[1]데이터시트!$B$3:$N$196,6,FALSE) -> 지역기반 | K8: 20418814 | L8: =VLOOKUP(K8,[1]데이터시트!$B$3:$N$196,2,FALSE) -> 현성재 | M8: =VLOOKUP(K8,[1]데이터시트!$B$3:$N$196,4,FALSE) -> 0 | N8: =VLOOKUP(K8,[1]데이터시트!$B$3:$N$196,11,FALSE) -> 예비 | O8: =VLOOKUP(K8,[1]데이터시트!$B$3:$N$196,6,FALSE) -> 지역기반 | P8: 20431973 | Q8: =VLOOKUP(P8,[1]데이터시트!$B$3:$N$196,2,FALSE) -> 길민선 | R8: =VLOOKUP(P8,[1]데이터시트!$B$3:$N$196,4,FALSE) -> 0 | S8: =VLOOKUP(P8,[1]데이터시트!$B$3:$N$196,11,FALSE) -> 예비 | T8: =VLOOKUP(P8,[1]데이터시트!$B$3:$N$196,6,FALSE) -> 지역기반 | U8: 20406894 | V8: =VLOOKUP(U8,[1]데이터시트!$B$3:$N$196,2,FALSE) -> 이송목 | W8: =VLOOKUP(U8,[1]데이터시트!$B$3:$N$196,4,FALSE) -> 잠재력 확인팀 | X8: =VLOOKUP(U8,[1]데이터시트!$B$3:$N$196,11,FALSE) -> 예비 | Y8: =VLOOKUP(U8,[1]데이터시트!$B$3:$N$196,6,FALSE) -> 대학발 | AJ8: 20424315 | AK8: =VLOOKUP(AJ8,[1]데이터시트!$B$3:$N$196,2,FALSE) -> 오원준 | AL8: =VLOOKUP(AJ8,[1]데이터시트!$B$3:$N$196,4,FALSE) -> 0 | AM8: =VLOOKUP(AJ8,[1]데이터시트!$B$3:$N$196,11,FALSE) -> 예비 | AN8: =VLOOKUP(AJ8,[1]데이터시트!$B$3:$N$196,6,FALSE) -> 지역기반 | AO8: 20414096 | AP8: =VLOOKUP(AO8,[1]데이터시트!$B$3:$N$196,2,FALSE) -> 간원진 | AQ8: =VLOOKUP(AO8,[1]데이터시트!$B$3:$N$196,4,FALSE) -> 0 | AR8: =VLOOKUP(AO8,[1]데이터시트!$B$3:$N$196,11,FALSE) -> 예비 | AS8: =VLOOKUP(AO8,[1]데이터시트!$B$3:$N$196,6,FALSE) -> 대학발
A9: =SUBTOTAL(103,$B$7:B9) -> 2 | B9: 1일차 | C9: =D8+5 -> 1025 | D9: 1045 | E9: 20 | F9: 20415839 | G9: =VLOOKUP(F9,[1]데이터시트!$B$3:$N$196,2,FALSE) -> 박상준 | H9: =VLOOKUP(F9,[1]데이터시트!$B$3:$N$196,4,FALSE) -> 0 | I9: =VLOOKUP(F9,[1]데이터시트!$B$3:$N$196,11,FALSE) -> 예비 | J9: =VLOOKUP(F9,[1]데이터시트!$B$3:$N$196,6,FALSE) -> 지역기반 | K9: 20425711 | L9: =VLOOKUP(K9,[1]데이터시트!$B$3:$N$196,2,FALSE) -> 김주연 | M9: =VLOOKUP(K9,[1]데이터시트!$B$3:$N$196,4,FALSE) -> 0 | N9: =VLOOKUP(K9,[1]데이터시트!$B$3:$N$196,11,FALSE) -> 예비 | O9: =VLOOKUP(K9,[1]데이터시트!$B$3:$N$196,6,FALSE) -> 지역기반 | P9: 20428596 | Q9: =VLOOKUP(P9,[1]데이터시트!$B$3:$N$196,2,FALSE) -> 변유한 | R9: =VLOOKUP(P9,[1]데이터시트!$B$3:$N$196,4,FALSE) -> 0 | S9: =VLOOKUP(P9,[1]데이터시트!$B$3:$N$196,11,FALSE) -> 예비 | T9: =VLOOKUP(P9,[1]데이터시트!$B$3:$N$196,6,FALSE) -> 지역기반 | U9: 20425601 | V9: =VLOOKUP(U9,[1]데이터시트!$B$3:$N$196,2,FALSE) -> 박민수 | W9: =VLOOKUP(U9,[1]데이터시트!$B$3:$N$196,4,FALSE) -> 0 | X9: =VLOOKUP(U9,[1]데이터시트!$B$3:$N$196,11,FALSE) -> 예비 | Y9: =VLOOKUP(U9,[1]데이터시트!$B$3:$N$196,6,FALSE) -> 대학발 | AJ9: 20424587 | AK9: =VLOOKUP(AJ9,[1]데이터시트!$B$3:$N$196,2,FALSE) -> 황경래 | AL9: =VLOOKUP(AJ9,[1]데이터시트!$B$3:$N$196,4,FALSE) -> 0 | AM9: =VLOOKUP(AJ9,[1]데이터시트!$B$3:$N$196,11,FALSE) -> 예비 | AN9: =VLOOKUP(AJ9,[1]데이터시트!$B$3:$N$196,6,FALSE) -> 지역기반 | AO9: 20424497 | AP9: =VLOOKUP(AO9,[1]데이터시트!$B$3:$N$196,2,FALSE) -> 김경민 | AQ9: =VLOOKUP(AO9,[1]데이터시트!$B$3:$N$196,4,FALSE) -> 전임교원 | AR9: =VLOOKUP(AO9,[1]데이터시트!$B$3:$N$196,11,FALSE) -> 예비 | AS9: =VLOOKUP(AO9,[1]데이터시트!$B$3:$N$196,6,FALSE) -> 대학발
A10: =SUBTOTAL(103,$B$7:B10) -> 3 | B10: 1일차 | C10: =D9+5 -> 1050 | D10: 1110 | E10: 20 | F10: 20416056 | G10: =VLOOKUP(F10,[1]데이터시트!$B$3:$N$196,2,FALSE) -> 강태환 | H10: =VLOOKUP(F10,[1]데이터시트!$B$3:$N$196,4,FALSE) -> 0 | I10: =VLOOKUP(F10,[1]데이터시트!$B$3:$N$196,11,FALSE) -> 초기 | J10: =VLOOKUP(F10,[1]데이터시트!$B$3:$N$196,6,FALSE) -> 지역기반 | K10: 20414883 | L10: =VLOOKUP(K10,[1]데이터시트!$B$3:$N$196,2,FALSE) -> 윤상민 | M10: =VLOOKUP(K10,[1]데이터시트!$B$3:$N$196,4,FALSE) -> 매출실적우수 | N10: =VLOOKUP(K10,[1]데이터시트!$B$3:$N$196,11,FALSE) -> 초기 | O10: =VLOOKUP(K10,[1]데이터시트!$B$3:$N$196,6,FALSE) -> 지역기반 | P10: 20428535 | Q10: =VLOOKUP(P10,[1]데이터시트!$B$3:$N$196,2,FALSE) -> 양승빈 | R10: =VLOOKUP(P10,[1]데이터시트!$B$3:$N$196,4,FALSE) -> 잠재력 확인 팀 | S10: =VLOOKUP(P10,[1]데이터시트!$B$3:$N$196,11,FALSE) -> 예비 | T10: =VLOOKUP(P10,[1]데이터시트!$B$3:$N$196,6,FALSE) -> 지역기반 | U10: 20424645 | V10: =VLOOKUP(U10,[1]데이터시트!$B$3:$N$196,2,FALSE) -> 이장원 | W10: =VLOOKUP(U10,[1]데이터시트!$B$3:$N$196,4,FALSE) -> 전임교원 | X10: =VLOOKUP(U10,[1]데이터시트!$B$3:$N$196,11,FALSE) -> 예비 | Y10: =VLOOKUP(U10,[1]데이터시트!$B$3:$N$196,6,FALSE) -> 대학발 | AJ10: 20424775 | AK10: =VLOOKUP(AJ10,[1]데이터시트!$B$3:$N$196,2,FALSE) -> 김유성 | AL10: =VLOOKUP(AJ10,[1]데이터시트!$B$3:$N$196,4,FALSE) -> 0 | AM10: =VLOOKUP(AJ10,[1]데이터시트!$B$3:$N$196,11,FALSE) -> 예비 | AN10: =VLOOKUP(AJ10,[1]데이터시트!$B$3:$N$196,6,FALSE) -> 지역기반 | AO10: 20418691 | AP10: =VLOOKUP(AO10,[1]데이터시트!$B$3:$N$196,2,FALSE) -> 최우석 | AQ10: =VLOOKUP(AO10,[1]데이터시트!$B$3:$N$196,4,FALSE) -> 전임교원 | AR10: =VLOOKUP(AO10,[1]데이터시트!$B$3:$N$196,11,FALSE) -> 예비 | AS10: =VLOOKUP(AO10,[1]데이터시트!$B$3:$N$196,6,FALSE) -> 대학발
A11: =SUBTOTAL(103,$B$7:B11) -> 4 | B11: 1일차 | C11: =D10+5 -> 1115 | D11: 1135 | E11: 20 | F11: 20423046 | G11: =VLOOKUP(F11,[1]데이터시트!$B$3:$N$196,2,FALSE) -> 김대호 | H11: =VLOOKUP(F11,[1]데이터시트!$B$3:$N$196,4,FALSE) -> 0 | I11: =VLOOKUP(F11,[1]데이터시트!$B$3:$N$196,11,FALSE) -> 초기 | J11: =VLOOKUP(F11,[1]데이터시트!$B$3:$N$196,6,FALSE) -> 지역기반 | K11: 20427569 | L11: =VLOOKUP(K11,[1]데이터시트!$B$3:$N$196,2,FALSE) -> 김선일 | M11: =VLOOKUP(K11,[1]데이터시트!$B$3:$N$196,4,FALSE) -> 0 | N11: =VLOOKUP(K11,[1]데이터시트!$B$3:$N$196,11,FALSE) -> 초기 | O11: =VLOOKUP(K11,[1]데이터시트!$B$3:$N$196,6,FALSE) -> 지역기반 | P11: 20418175 | Q11: =VLOOKUP(P11,[1]데이터시트!$B$3:$N$196,2,FALSE) -> 안세정 | R11: =VLOOKUP(P11,[1]데이터시트!$B$3:$N$196,4,FALSE) -> 잠재력 확인 팀 | S11: =VLOOKUP(P11,[1]데이터시트!$B$3:$N$196,11,FALSE) -> 예비 | T11: =VLOOKUP(P11,[1]데이터시트!$B$3:$N$196,6,FALSE) -> 지역기반 | U11: 20420127 | V11: =VLOOKUP(U11,[1]데이터시트!$B$3:$N$196,2,FALSE) -> 명대호 | W11: =VLOOKUP(U11,[1]데이터시트!$B$3:$N$196,4,FALSE) -> 0 | X11: =VLOOKUP(U11,[1]데이터시트!$B$3:$N$196,11,FALSE) -> 예비 | Y11: =VLOOKUP(U11,[1]데이터시트!$B$3:$N$196,6,FALSE) -> 대학발 | AJ11: 20412297 | AK11: =VLOOKUP(AJ11,[1]데이터시트!$B$3:$N$196,2,FALSE) -> 황현우 | AL11: =VLOOKUP(AJ11,[1]데이터시트!$B$3:$N$196,4,FALSE) -> 0 | AM11: =VLOOKUP(AJ11,[1]데이터시트!$B$3:$N$196,11,FALSE) -> 초기 | AN11: =VLOOKUP(AJ11,[1]데이터시트!$B$3:$N$196,6,FALSE) -> 지역기반 | AO11: 20428779 | AP11: =VLOOKUP(AO11,[1]데이터시트!$B$3:$N$196,2,FALSE) -> 조덕수 | AQ11: =VLOOKUP(AO11,[1]데이터시트!$B$3:$N$196,4,FALSE) -> 0 | AR11: =VLOOKUP(AO11,[1]데이터시트!$B$3:$N$196,11,FALSE) -> 도약 | AS11: =VLOOKUP(AO11,[1]데이터시트!$B$3:$N$196,6,FALSE) -> 대학발
A12: =SUBTOTAL(103,$B$7:B12) -> 5 | B12: 1일차 | C12: =D11+5 -> 1140 | D12: 1200 | E12: 20 | F12: 20428945 | G12: =VLOOKUP(F12,[1]데이터시트!$B$3:$N$196,2,FALSE) -> 이건희 | H12: =VLOOKUP(F12,[1]데이터시트!$B$3:$N$196,4,FALSE) -> 0 | I12: =VLOOKUP(F12,[1]데이터시트!$B$3:$N$196,11,FALSE) -> 초기 | J12: =VLOOKUP(F12,[1]데이터시트!$B$3:$N$196,6,FALSE) -> 지역기반 | K12: 20431661 | L12: =VLOOKUP(K12,[1]데이터시트!$B$3:$N$196,2,FALSE) -> 문상윤 | M12: =VLOOKUP(K12,[1]데이터시트!$B$3:$N$196,4,FALSE) -> 0 | N12: =VLOOKUP(K12,[1]데이터시트!$B$3:$N$196,11,FALSE) -> 초기 | O12: =VLOOKUP(K12,[1]데이터시트!$B$3:$N$196,6,FALSE) -> 지역기반 | P12: 20429808 | Q12: =VLOOKUP(P12,[1]데이터시트!$B$3:$N$196,2,FALSE) -> 정웅택 | R12: =VLOOKUP(P12,[1]데이터시트!$B$3:$N$196,4,FALSE) -> (후속)청년창업사관학교추천 | S12: =VLOOKUP(P12,[1]데이터시트!$B$3:$N$196,11,FALSE) -> 초기 | T12: =VLOOKUP(P12,[1]데이터시트!$B$3:$N$196,6,FALSE) -> 지역기반 | AJ12: 20405890 | AK12: =VLOOKUP(AJ12,[1]데이터시트!$B$3:$N$196,2,FALSE) -> 조희준 | AL12: =VLOOKUP(AJ12,[1]데이터시트!$B$3:$N$196,4,FALSE) -> 0 | AM12: =VLOOKUP(AJ12,[1]데이터시트!$B$3:$N$196,11,FALSE) -> 초기 | AN12: =VLOOKUP(AJ12,[1]데이터시트!$B$3:$N$196,6,FALSE) -> 지역기반
C13: 1200 | D13: 1300 | E13: 60 | F13: 점심
A14: =SUBTOTAL(103,$B$7:B14) -> 6 | B14: 1일차 | C14: 1300 | D14: 1320 | E14: 20 | F14: 20420108 | G14: =VLOOKUP(F14,[1]데이터시트!$B$3:$N$196,2,FALSE) -> 이여진 | H14: =VLOOKUP(F14,[1]데이터시트!$B$3:$N$196,4,FALSE) -> 0 | I14: =VLOOKUP(F14,[1]데이터시트!$B$3:$N$196,11,FALSE) -> 초기 | J14: =VLOOKUP(F14,[1]데이터시트!$B$3:$N$196,6,FALSE) -> 지역기반 | K14: 20417471 | L14: =VLOOKUP(K14,[1]데이터시트!$B$3:$N$196,2,FALSE) -> 하은주 | M14: =VLOOKUP(K14,[1]데이터시트!$B$3:$N$196,4,FALSE) -> 0 | N14: =VLOOKUP(K14,[1]데이터시트!$B$3:$N$196,11,FALSE) -> 도약 | O14: =VLOOKUP(K14,[1]데이터시트!$B$3:$N$196,6,FALSE) -> 지역기반 | P14: 20418037 | Q14: =VLOOKUP(P14,[1]데이터시트!$B$3:$N$196,2,FALSE) -> 조영숙 | R14: =VLOOKUP(P14,[1]데이터시트!$B$3:$N$196,4,FALSE) -> 0 | S14: =VLOOKUP(P14,[1]데이터시트!$B$3:$N$196,11,FALSE) -> 초기 | T14: =VLOOKUP(P14,[1]데이터시트!$B$3:$N$196,6,FALSE) -> 지역기반 | U14: 20429253 | V14: =VLOOKUP(U14,[1]데이터시트!$B$3:$N$196,2,FALSE) -> 임재우 | W14: =VLOOKUP(U14,[1]데이터시트!$B$3:$N$196,4,FALSE) -> 0 | X14: =VLOOKUP(U14,[1]데이터시트!$B$3:$N$196,11,FALSE) -> 초기 | Y14: =VLOOKUP(U14,[1]데이터시트!$B$3:$N$196,6,FALSE) -> 대학발 | AJ14: 20417774 | AK14: =VLOOKUP(AJ14,[1]데이터시트!$B$3:$N$196,2,FALSE) -> 김홍국 | AL14: =VLOOKUP(AJ14,[1]데이터시트!$B$3:$N$196,4,FALSE) -> 0 | AM14: =VLOOKUP(AJ14,[1]데이터시트!$B$3:$N$196,11,FALSE) -> 도약 | AN14: =VLOOKUP(AJ14,[1]데이터시트!$B$3:$N$196,6,FALSE) -> 지역기반 | AO14: 20425607 | AP14: =VLOOKUP(AO14,[1]데이터시트!$B$3:$N$196,2,FALSE) -> 신동성 | AQ14: =VLOOKUP(AO14,[1]데이터시트!$B$3:$N$196,4,FALSE) -> 0 | AR14: =VLOOKUP(AO14,[1]데이터시트!$B$3:$N$196,11,FALSE) -> 초기 | AS14: =VLOOKUP(AO14,[1]데이터시트!$B$3:$N$196,6,FALSE) -> 대학발
A15: =SUBTOTAL(103,$B$7:B15) -> 7 | B15: 1일차 | C15: =D14+5 -> 1325 | D15: 1345 | E15: 20 | F15: 20429573 | G15: =VLOOKUP(F15,[1]데이터시트!$B$3:$N$196,2,FALSE) -> 배경환 | H15: =VLOOKUP(F15,[1]데이터시트!$B$3:$N$196,4,FALSE) -> 0 | I15: =VLOOKUP(F15,[1]데이터시트!$B$3:$N$196,11,FALSE) -> 초기 | J15: =VLOOKUP(F15,[1]데이터시트!$B$3:$N$196,6,FALSE) -> 지역기반 | K15: 20418401 | L15: =VLOOKUP(K15,[1]데이터시트!$B$3:$N$196,2,FALSE) -> 박종명 | M15: =VLOOKUP(K15,[1]데이터시트!$B$3:$N$196,4,FALSE) -> 0 | N15: =VLOOKUP(K15,[1]데이터시트!$B$3:$N$196,11,FALSE) -> 도약 | O15: =VLOOKUP(K15,[1]데이터시트!$B$3:$N$196,6,FALSE) -> 지역기반 | P15: 20425812 | Q15: =VLOOKUP(P15,[1]데이터시트!$B$3:$N$196,2,FALSE) -> 이승한 | R15: =VLOOKUP(P15,[1]데이터시트!$B$3:$N$196,4,FALSE) -> 0 | S15: =VLOOKUP(P15,[1]데이터시트!$B$3:$N$196,11,FALSE) -> 초기 | T15: =VLOOKUP(P15,[1]데이터시트!$B$3:$N$196,6,FALSE) -> 지역기반 | U15: 20429524 | V15: =VLOOKUP(U15,[1]데이터시트!$B$3:$N$196,2,FALSE) -> 김동현 | W15: =VLOOKUP(U15,[1]데이터시트!$B$3:$N$196,4,FALSE) -> 0 | X15: =VLOOKUP(U15,[1]데이터시트!$B$3:$N$196,11,FALSE) -> 초기 | Y15: =VLOOKUP(U15,[1]데이터시트!$B$3:$N$196,6,FALSE) -> 대학발 | AJ15: 20417896 | AK15: =VLOOKUP(AJ15,[1]데이터시트!$B$3:$N$196,2,FALSE) -> 백승엽 | AL15: =VLOOKUP(AJ15,[1]데이터시트!$B$3:$N$196,4,FALSE) -> 0 | AM15: =VLOOKUP(AJ15,[1]데이터시트!$B$3:$N$196,11,FALSE) -> 도약 | AN15: =VLOOKUP(AJ15,[1]데이터시트!$B$3:$N$196,6,FALSE) -> 지역기반 | AO15: 20425675 | AP15: =VLOOKUP(AO15,[1]데이터시트!$B$3:$N$196,2,FALSE) -> 양준우 | AQ15: =VLOOKUP(AO15,[1]데이터시트!$B$3:$N$196,4,FALSE) -> 0 | AR15: =VLOOKUP(AO15,[1]데이터시트!$B$3:$N$196,11,FALSE) -> 초기 | AS15: =VLOOKUP(AO15,[1]데이터시트!$B$3:$N$196,6,FALSE) -> 대학발
A16: =SUBTOTAL(103,$B$7:B16) -> 8 | B16: 1일차 | C16: =D15+5 -> 1350 | D16: 1410 | E16: 20 | F16: 20420270 | G16: =VLOOKUP(F16,[1]데이터시트!$B$3:$N$196,2,FALSE) -> 박수연 | H16: =VLOOKUP(F16,[1]데이터시트!$B$3:$N$196,4,FALSE) -> 0 | I16: =VLOOKUP(F16,[1]데이터시트!$B$3:$N$196,11,FALSE) -> 도약 | J16: =VLOOKUP(F16,[1]데이터시트!$B$3:$N$196,6,FALSE) -> 지역기반 | K16: 20425290 | L16: =VLOOKUP(K16,[1]데이터시트!$B$3:$N$196,2,FALSE) -> 정희철 | M16: =VLOOKUP(K16,[1]데이터시트!$B$3:$N$196,4,FALSE) -> 0 | N16: =VLOOKUP(K16,[1]데이터시트!$B$3:$N$196,11,FALSE) -> 도약 | O16: =VLOOKUP(K16,[1]데이터시트!$B$3:$N$196,6,FALSE) -> 지역기반 | P16: 20428287 | Q16: =VLOOKUP(P16,[1]데이터시트!$B$3:$N$196,2,FALSE) -> 황해수 | R16: =VLOOKUP(P16,[1]데이터시트!$B$3:$N$196,4,FALSE) -> 잠재력 확인 팀 | S16: =VLOOKUP(P16,[1]데이터시트!$B$3:$N$196,11,FALSE) -> 초기 | T16: =VLOOKUP(P16,[1]데이터시트!$B$3:$N$196,6,FALSE) -> 지역기반 | U16: 20429214 | V16: =VLOOKUP(U16,[1]데이터시트!$B$3:$N$196,2,FALSE) -> 김영진 | W16: =VLOOKUP(U16,[1]데이터시트!$B$3:$N$196,4,FALSE) -> 0 | X16: =VLOOKUP(U16,[1]데이터시트!$B$3:$N$196,11,FALSE) -> 초기 | Y16: =VLOOKUP(U16,[1]데이터시트!$B$3:$N$196,6,FALSE) -> 대학발 | AJ16: 20418609 | AK16: =VLOOKUP(AJ16,[1]데이터시트!$B$3:$N$196,2,FALSE) -> 이상헌 | AL16: =VLOOKUP(AJ16,[1]데이터시트!$B$3:$N$196,4,FALSE) -> 0 | AM16: =VLOOKUP(AJ16,[1]데이터시트!$B$3:$N$196,11,FALSE) -> 도약 | AN16: =VLOOKUP(AJ16,[1]데이터시트!$B$3:$N$196,6,FALSE) -> 지역기반 | AO16: 20418903 | AP16: =VLOOKUP(AO16,[1]데이터시트!$B$3:$N$196,2,FALSE) -> 신재영 | AQ16: =VLOOKUP(AO16,[1]데이터시트!$B$3:$N$196,4,FALSE) -> 0 | AR16: =VLOOKUP(AO16,[1]데이터시트!$B$3:$N$196,11,FALSE) -> 초기 | AS16: =VLOOKUP(AO16,[1]데이터시트!$B$3:$N$196,6,FALSE) -> 대학발
A17: =SUBTOTAL(103,$B$7:B17) -> 9 | B17: 1일차 | C17: =D16+5 -> 1415 | D17: 1435 | E17: 20 | F17: 20428115 | G17: =VLOOKUP(F17,[1]데이터시트!$B$3:$N$196,2,FALSE) -> 권정훈 | H17: =VLOOKUP(F17,[1]데이터시트!$B$3:$N$196,4,FALSE) -> 0 | I17: =VLOOKUP(F17,[1]데이터시트!$B$3:$N$196,11,FALSE) -> 도약 | J17: =VLOOKUP(F17,[1]데이터시트!$B$3:$N$196,6,FALSE) -> 지역기반 | K17: 20429725 | L17: =VLOOKUP(K17,[1]데이터시트!$B$3:$N$196,2,FALSE) -> 김현 | M17: =VLOOKUP(K17,[1]데이터시트!$B$3:$N$196,4,FALSE) -> 0 | N17: =VLOOKUP(K17,[1]데이터시트!$B$3:$N$196,11,FALSE) -> 도약 | O17: =VLOOKUP(K17,[1]데이터시트!$B$3:$N$196,6,FALSE) -> 지역기반 | P17: 20429982 | Q17: =VLOOKUP(P17,[1]데이터시트!$B$3:$N$196,2,FALSE) -> 이은지 | R17: =VLOOKUP(P17,[1]데이터시트!$B$3:$N$196,4,FALSE) -> 잠재력 확인 팀 | S17: =VLOOKUP(P17,[1]데이터시트!$B$3:$N$196,11,FALSE) -> 도약 | T17: =VLOOKUP(P17,[1]데이터시트!$B$3:$N$196,6,FALSE) -> 지역기반 | U17: 20426082 | V17: =VLOOKUP(U17,[1]데이터시트!$B$3:$N$196,2,FALSE) -> 박주혁 | W17: =VLOOKUP(U17,[1]데이터시트!$B$3:$N$196,4,FALSE) -> 매출실적우수 | X17: =VLOOKUP(U17,[1]데이터시트!$B$3:$N$196,11,FALSE) -> 도약 | Y17: =VLOOKUP(U17,[1]데이터시트!$B$3:$N$196,6,FALSE) -> 대학발 | AJ17: 20418733 | AK17: =VLOOKUP(AJ17,[1]데이터시트!$B$3:$N$196,2,FALSE) -> 김진웅 | AL17: =VLOOKUP(AJ17,[1]데이터시트!$B$3:$N$196,4,FALSE) -> 0 | AM17: =VLOOKUP(AJ17,[1]데이터시트!$B$3:$N$196,11,FALSE) -> 도약 | AN17: =VLOOKUP(AJ17,[1]데이터시트!$B$3:$N$196,6,FALSE) -> 지역기반 | AO17: 20429861 | AP17: =VLOOKUP(AO17,[1]데이터시트!$B$3:$N$196,2,FALSE) -> 오혜린 | AQ17: =VLOOKUP(AO17,[1]데이터시트!$B$3:$N$196,4,FALSE) -> 0 | AR17: =VLOOKUP(AO17,[1]데이터시트!$B$3:$N$196,11,FALSE) -> 초기 | AS17: =VLOOKUP(AO17,[1]데이터시트!$B$3:$N$196,6,FALSE) -> 대학발
A18: =SUBTOTAL(103,$B$7:B18) -> 10 | B18: 1일차 | C18: =D17+5 -> 1440 | D18: 1500 | E18: 20 | F18: 20428639 | G18: =VLOOKUP(F18,[1]데이터시트!$B$3:$N$196,2,FALSE) -> 권도현 | H18: =VLOOKUP(F18,[1]데이터시트!$B$3:$N$196,4,FALSE) -> 0 | I18: =VLOOKUP(F18,[1]데이터시트!$B$3:$N$196,11,FALSE) -> 도약 | J18: =VLOOKUP(F18,[1]데이터시트!$B$3:$N$196,6,FALSE) -> 지역기반 | K18: 20408825 | L18: =VLOOKUP(K18,[1]데이터시트!$B$3:$N$196,2,FALSE) -> 한대희 | M18: =VLOOKUP(K18,[1]데이터시트!$B$3:$N$196,4,FALSE) -> 0 | N18: =VLOOKUP(K18,[1]데이터시트!$B$3:$N$196,11,FALSE) -> 도약 | O18: =VLOOKUP(K18,[1]데이터시트!$B$3:$N$196,6,FALSE) -> 지역기반 | P18: 20415684 | Q18: =VLOOKUP(P18,[1]데이터시트!$B$3:$N$196,2,FALSE) -> 김명곤 | R18: =VLOOKUP(P18,[1]데이터시트!$B$3:$N$196,4,FALSE) -> 0 | S18: =VLOOKUP(P18,[1]데이터시트!$B$3:$N$196,11,FALSE) -> 도약 | T18: =VLOOKUP(P18,[1]데이터시트!$B$3:$N$196,6,FALSE) -> 지역기반 | U18: 20424850 | V18: =VLOOKUP(U18,[1]데이터시트!$B$3:$N$196,2,FALSE) -> 안영샘 | W18: =VLOOKUP(U18,[1]데이터시트!$B$3:$N$196,4,FALSE) -> 0 | X18: =VLOOKUP(U18,[1]데이터시트!$B$3:$N$196,11,FALSE) -> 도약 | Y18: =VLOOKUP(U18,[1]데이터시트!$B$3:$N$196,6,FALSE) -> 대학발 | AJ18: 20407665 | AK18: =VLOOKUP(AJ18,[1]데이터시트!$B$3:$N$196,2,FALSE) -> 박지은 | AL18: =VLOOKUP(AJ18,[1]데이터시트!$B$3:$N$196,4,FALSE) -> 0 | AM18: =VLOOKUP(AJ18,[1]데이터시트!$B$3:$N$196,11,FALSE) -> 도약 | AN18: =VLOOKUP(AJ18,[1]데이터시트!$B$3:$N$196,6,FALSE) -> 지역기반 | AO18: 20427486 | AP18: =VLOOKUP(AO18,[1]데이터시트!$B$3:$N$196,2,FALSE) -> 손창호 | AQ18: =VLOOKUP(AO18,[1]데이터시트!$B$3:$N$196,4,FALSE) -> 0 | AR18: =VLOOKUP(AO18,[1]데이터시트!$B$3:$N$196,11,FALSE) -> 초기 | AS18: =VLOOKUP(AO18,[1]데이터시트!$B$3:$N$196,6,FALSE) -> 실험실
A19: =SUBTOTAL(103,$B$7:B19) -> 11 | B19: 1일차 | C19: =D18+5 -> 1505 | D19: 1525 | E19: 20 | F19: 20414308 | G19: =VLOOKUP(F19,[1]데이터시트!$B$3:$N$196,2,FALSE) -> 최용호 | H19: =VLOOKUP(F19,[1]데이터시트!$B$3:$N$196,4,FALSE) -> 0 | I19: =VLOOKUP(F19,[1]데이터시트!$B$3:$N$196,11,FALSE) -> 도약 | J19: =VLOOKUP(F19,[1]데이터시트!$B$3:$N$196,6,FALSE) -> 지역기반 | K19: 20422010 | L19: =VLOOKUP(K19,[1]데이터시트!$B$3:$N$196,2,FALSE) -> 김예지 | M19: =VLOOKUP(K19,[1]데이터시트!$B$3:$N$196,4,FALSE) -> 0 | N19: =VLOOKUP(K19,[1]데이터시트!$B$3:$N$196,11,FALSE) -> 도약 | O19: =VLOOKUP(K19,[1]데이터시트!$B$3:$N$196,6,FALSE) -> 지역기반 | P19: 20418458 | Q19: =VLOOKUP(P19,[1]데이터시트!$B$3:$N$196,2,FALSE) -> 임유진 | R19: =VLOOKUP(P19,[1]데이터시트!$B$3:$N$196,4,FALSE) -> 0 | S19: =VLOOKUP(P19,[1]데이터시트!$B$3:$N$196,11,FALSE) -> 도약 | T19: =VLOOKUP(P19,[1]데이터시트!$B$3:$N$196,6,FALSE) -> 지역기반 | AJ19: 20410913 | AK19: =VLOOKUP(AJ19,[1]데이터시트!$B$3:$N$196,2,FALSE) -> 윤병현 | AL19: =VLOOKUP(AJ19,[1]데이터시트!$B$3:$N$196,4,FALSE) -> 0 | AM19: =VLOOKUP(AJ19,[1]데이터시트!$B$3:$N$196,11,FALSE) -> 도약 | AN19: =VLOOKUP(AJ19,[1]데이터시트!$B$3:$N$196,6,FALSE) -> 지역기반 | AO19: 20428862 | AP19: =VLOOKUP(AO19,[1]데이터시트!$B$3:$N$196,2,FALSE) -> 왕준호 | AQ19: =VLOOKUP(AO19,[1]데이터시트!$B$3:$N$196,4,FALSE) -> 전임교원 | AR19: =VLOOKUP(AO19,[1]데이터시트!$B$3:$N$196,11,FALSE) -> 초기 | AS19: =VLOOKUP(AO19,[1]데이터시트!$B$3:$N$196,6,FALSE) -> 실험실
A20: =SUBTOTAL(103,$B$7:B20) -> 12 | B20: 1일차 | C20: =D19+5 -> 1530 | D20: 1550 | E20: 20 | F20: 20427459 | G20: =VLOOKUP(F20,[1]데이터시트!$B$3:$N$196,2,FALSE) -> 신인근 | H20: =VLOOKUP(F20,[1]데이터시트!$B$3:$N$196,4,FALSE) -> 0 | I20: =VLOOKUP(F20,[1]데이터시트!$B$3:$N$196,11,FALSE) -> 도약 | J20: =VLOOKUP(F20,[1]데이터시트!$B$3:$N$196,6,FALSE) -> 지역기반 | K20: 20426671 | L20: =VLOOKUP(K20,[1]데이터시트!$B$3:$N$196,2,FALSE) -> 이해섭 | M20: =VLOOKUP(K20,[1]데이터시트!$B$3:$N$196,4,FALSE) -> 0 | N20: =VLOOKUP(K20,[1]데이터시트!$B$3:$N$196,11,FALSE) -> 도약 | O20: =VLOOKUP(K20,[1]데이터시트!$B$3:$N$196,6,FALSE) -> 지역기반 | P20: 20413200 | Q20: =VLOOKUP(P20,[1]데이터시트!$B$3:$N$196,2,FALSE) -> 승영욱 | R20: =VLOOKUP(P20,[1]데이터시트!$B$3:$N$196,4,FALSE) -> 잠재력 확인 팀 | S20: =VLOOKUP(P20,[1]데이터시트!$B$3:$N$196,11,FALSE) -> 도약 | T20: =VLOOKUP(P20,[1]데이터시트!$B$3:$N$196,6,FALSE) -> 지역기반 | AJ20: 20413981 | AK20: =VLOOKUP(AJ20,[1]데이터시트!$B$3:$N$196,2,FALSE) -> 조백상 | AL20: =VLOOKUP(AJ20,[1]데이터시트!$B$3:$N$196,4,FALSE) -> 0 | AM20: =VLOOKUP(AJ20,[1]데이터시트!$B$3:$N$196,11,FALSE) -> 도약 | AN20: =VLOOKUP(AJ20,[1]데이터시트!$B$3:$N$196,6,FALSE) -> 지역기반
A21: =SUBTOTAL(103,$B$7:B21) -> 13 | B21: 1일차 | C21: =D20+5 -> 1555 | D21: 1615 | E21: 20
A22: =SUBTOTAL(103,$B$7:B22) -> 14 | B22: 1일차 | C22: =D21+5 -> 1620 | D22: 1640 | E22: 20
A24: 46134
A25: 발표10분 질의 10분 이동5분
F26: 정보ㆍ통신1 | K26: 정보ㆍ통신2 | P26: 정보ㆍ통신3(친성) | U26: 정보ㆍ통신4 | Z26: 전기ㆍ전자 | AE26: 기계ㆍ소재 | AJ26: 바이오ㆍ의료ㆍ생명1 | AO26: 바이오ㆍ의료ㆍ생명2 | AT26: 화공ㆍ섬유 | AY26: 에너지ㆍ자원 | BD26: 공예ㆍ디자인
A27: 순번 | B27: 연번 | C27: 시작 | D27: 종료 | E27: 소요시간 | F27: 위원7명 | G27: =G6 -> 105호 | J27: =J6 -> 박유진 | K27: 위원7명 | L27: =L6 -> 108호 | O27: =O6 -> 이수화 | P27: 위원7명 | Q27: =Q6 -> 107호 | T27: =T6 -> 김이진 | U27: 위원7명 | V27: =V6 -> 110호 | Y27: =Y6 -> 김지희 | Z27: 위원7명 | AA27: =AA6 -> 205호 | AD27: =AD6 -> 신동영 | AE27: 위원7명 | AF27: =AF6 -> 1304호 | AI27: =AI6 -> 박영선 | AJ27: 위원7명 | AK27: =AK6 -> 1301호 | AN27: =AN6 -> 김도훈 | AO27: 위원7명 | AP27: =AP6 -> 1302호 | AS27: =AS6 -> 지진훈 | AT27: 위원7명 | AU27: =AU6 -> 201호 | AX27: =AX6 -> 최희정 | AY27: 위원7명 | AZ27: =AZ6 -> 208~209호 | BC27: =BC6 -> 정승아 | BD27: 위원7명 | BE27: 20428661 | BH27: =BH6 -> 김수진
C28: 0930 | D28: 1000 | E28: 30 | F28: OT 등
A29: =SUBTOTAL(103,$B$29:B29) -> 1 | B29: 2일차 | C29: 1000 | D29: 1020 | E29: 20 | F29: 20424619 | G29: =VLOOKUP(F29,[1]데이터시트!$B$3:$N$196,2,FALSE) -> 김현지 | H29: =VLOOKUP(F29,[1]데이터시트!$B$3:$N$196,4,FALSE) -> 0 | I29: =VLOOKUP(F29,[1]데이터시트!$B$3:$N$196,11,FALSE) -> 초기 | J29: =VLOOKUP(F29,[1]데이터시트!$B$3:$N$196,6,FALSE) -> 지역기반 | K29: 20412766 | L29: =VLOOKUP(K29,[1]데이터시트!$B$3:$N$196,2,FALSE) -> 한경용 | M29: =VLOOKUP(K29,[1]데이터시트!$B$3:$N$196,4,FALSE) -> 0 | N29: =VLOOKUP(K29,[1]데이터시트!$B$3:$N$196,11,FALSE) -> 예비 | O29: =VLOOKUP(K31,[1]데이터시트!$B$3:$N$196,6,FALSE) -> 지역기반 | P29: 20430270 | Q29: =VLOOKUP(P29,[1]데이터시트!$B$3:$N$196,2,FALSE) -> 백종욱 | R29: =VLOOKUP(P29,[1]데이터시트!$B$3:$N$196,4,FALSE) -> 0 | S29: =VLOOKUP(P29,[1]데이터시트!$B$3:$N$196,11,FALSE) -> 도약 | T29: =VLOOKUP(P29,[1]데이터시트!$B$3:$N$196,6,FALSE) -> 지역기반 | U29: 20431469 | V29: =VLOOKUP(U29,[1]데이터시트!$B$3:$N$196,2,FALSE) -> 고형진 | W29: =VLOOKUP(U29,[1]데이터시트!$B$3:$N$196,4,FALSE) -> 전임교원 | X29: =VLOOKUP(U29,[1]데이터시트!$B$3:$N$196,11,FALSE) -> 예비 | Y29: =VLOOKUP(U29,[1]데이터시트!$B$3:$N$196,6,FALSE) -> 대학발 | Z29: 20413968 | AA29: =VLOOKUP(Z29,[1]데이터시트!$B$3:$N$196,2,FALSE) -> 이승준 | AB29: =VLOOKUP(Z29,[1]데이터시트!$B$3:$N$196,4,FALSE) -> 0 | AC29: =VLOOKUP(Z29,[1]데이터시트!$B$3:$N$196,11,FALSE) -> 초기 | AD29: =VLOOKUP(Z29,[1]데이터시트!$B$3:$N$196,6,FALSE) -> 지역기반 | AE29: 20408877 | AF29: =VLOOKUP(AE29,[1]데이터시트!$B$3:$N$196,2,FALSE) -> 노형도 | AG29: =VLOOKUP(AE29,[1]데이터시트!$B$3:$N$196,4,FALSE) -> 0 | AH29: =VLOOKUP(AE29,[1]데이터시트!$B$3:$N$196,11,FALSE) -> 예비 | AI29: =VLOOKUP(AE29,[1]데이터시트!$B$3:$N$196,6,FALSE) -> 지역기반 | AJ29: 20415588 | AK29: =VLOOKUP(AJ29,[1]데이터시트!$B$3:$N$196,2,FALSE) -> 조성윤 | AL29: =VLOOKUP(AJ29,[1]데이터시트!$B$3:$N$196,4,FALSE) -> 0 | AM29: =VLOOKUP(AJ29,[1]데이터시트!$B$3:$N$196,11,FALSE) -> 초기 | AN29: =VLOOKUP(AJ29,[1]데이터시트!$B$3:$N$196,6,FALSE) -> 지역기반 | AO29: 20404581 | AP29: =VLOOKUP(AO29,[1]데이터시트!$B$3:$N$196,2,FALSE) -> 임세진 | AQ29: =VLOOKUP(AO29,[1]데이터시트!$B$3:$N$196,4,FALSE) -> 전임교원 | AR29: =VLOOKUP(AO29,[1]데이터시트!$B$3:$N$196,11,FALSE) -> 초기 | AS29: =VLOOKUP(AO29,[1]데이터시트!$B$3:$N$196,6,FALSE) -> 실험실 | AT29: 20414625 | AU29: =VLOOKUP(AT29,[1]데이터시트!$B$3:$N$196,2,FALSE) -> 김선진 | AV29: =VLOOKUP(AT29,[1]데이터시트!$B$3:$N$196,4,FALSE) -> 0 | AW29: =VLOOKUP(AT29,[1]데이터시트!$B$3:$N$196,11,FALSE) -> 예비 | AX29: =VLOOKUP(AT29,[1]데이터시트!$B$3:$N$196,6,FALSE) -> 지역기반 | AY29: 20432406 | AZ29: =VLOOKUP(AY29,[1]데이터시트!$B$3:$N$196,2,FALSE) -> 배성찬 | BA29: =VLOOKUP(AY29,[1]데이터시트!$B$3:$N$196,4,FALSE) -> 0 | BB29: =VLOOKUP(AY29,[1]데이터시트!$B$3:$N$196,11,FALSE) -> 도약 | BC29: =VLOOKUP(AY29,[1]데이터시트!$B$3:$N$196,6,FALSE) -> 대학발 | BD29: 20416188 | BE29: =VLOOKUP(BD29,[1]데이터시트!$B$3:$N$196,2,FALSE) -> 왕지혜 | BF29: =VLOOKUP(BD29,[1]데이터시트!$B$3:$N$196,4,FALSE) -> 0 | BG29: =VLOOKUP(BD29,[1]데이터시트!$B$3:$N$196,11,FALSE) -> 초기 | BH29: =VLOOKUP(BD29,[1]데이터시트!$B$3:$N$196,6,FALSE) -> 지역기반
A30: =SUBTOTAL(103,$B$29:B30) -> 2 | B30: 2일차 | C30: =D29+5 -> 1025 | D30: 1045 | E30: 20 | F30: 20431696 | G30: =VLOOKUP(F30,[1]데이터시트!$B$3:$N$196,2,FALSE) -> 박철환 | H30: =VLOOKUP(F30,[1]데이터시트!$B$3:$N$196,4,FALSE) -> 0 | I30: =VLOOKUP(F30,[1]데이터시트!$B$3:$N$196,11,FALSE) -> 초기 | J30: =VLOOKUP(F30,[1]데이터시트!$B$3:$N$196,6,FALSE) -> 지역기반 | K30: 20428259 | L30: =VLOOKUP(K30,[1]데이터시트!$B$3:$N$196,2,FALSE) -> 박민준 | M30: =VLOOKUP(K30,[1]데이터시트!$B$3:$N$196,4,FALSE) -> 0 | N30: =VLOOKUP(K30,[1]데이터시트!$B$3:$N$196,11,FALSE) -> 예비 | O30: =VLOOKUP(K32,[1]데이터시트!$B$3:$N$196,6,FALSE) -> 지역기반 | P30: 20428346 | Q30: =VLOOKUP(P30,[1]데이터시트!$B$3:$N$196,2,FALSE) -> 김태겸 | R30: =VLOOKUP(P30,[1]데이터시트!$B$3:$N$196,4,FALSE) -> 0 | S30: =VLOOKUP(P30,[1]데이터시트!$B$3:$N$196,11,FALSE) -> 도약 | T30: =VLOOKUP(P30,[1]데이터시트!$B$3:$N$196,6,FALSE) -> 지역기반 | U30: 20423461 | V30: =VLOOKUP(U30,[1]데이터시트!$B$3:$N$196,2,FALSE) -> 이은석 | W30: =VLOOKUP(U30,[1]데이터시트!$B$3:$N$196,4,FALSE) -> 전임교원 | X30: =VLOOKUP(U30,[1]데이터시트!$B$3:$N$196,11,FALSE) -> 예비 | Y30: =VLOOKUP(U30,[1]데이터시트!$B$3:$N$196,6,FALSE) -> 대학발 | Z30: 20430589 | AA30: =VLOOKUP(Z30,[1]데이터시트!$B$3:$N$196,2,FALSE) -> 윤대원 | AB30: =VLOOKUP(Z30,[1]데이터시트!$B$3:$N$196,4,FALSE) -> 0 | AC30: =VLOOKUP(Z30,[1]데이터시트!$B$3:$N$196,11,FALSE) -> 초기 | AD30: =VLOOKUP(Z30,[1]데이터시트!$B$3:$N$196,6,FALSE) -> 지역기반 | AE30: 20413111 | AF30: =VLOOKUP(AE30,[1]데이터시트!$B$3:$N$196,2,FALSE) -> 안지인 | AG30: =VLOOKUP(AE30,[1]데이터시트!$B$3:$N$196,4,FALSE) -> 0 | AH30: =VLOOKUP(AE30,[1]데이터시트!$B$3:$N$196,11,FALSE) -> 초기 | AI30: =VLOOKUP(AE30,[1]데이터시트!$B$3:$N$196,6,FALSE) -> 지역기반 | AJ30: 20417534 | AK30: =VLOOKUP(AJ30,[1]데이터시트!$B$3:$N$196,2,FALSE) -> 김이철 | AL30: =VLOOKUP(AJ30,[1]데이터시트!$B$3:$N$196,4,FALSE) -> 0 | AM30: =VLOOKUP(AJ30,[1]데이터시트!$B$3:$N$196,11,FALSE) -> 초기 | AN30: =VLOOKUP(AJ30,[1]데이터시트!$B$3:$N$196,6,FALSE) -> 지역기반 | AO30: 20404954 | AP30: =VLOOKUP(AO30,[1]데이터시트!$B$3:$N$196,2,FALSE) -> 이승민 | AQ30: =VLOOKUP(AO30,[1]데이터시트!$B$3:$N$196,4,FALSE) -> 0 | AR30: =VLOOKUP(AO30,[1]데이터시트!$B$3:$N$196,11,FALSE) -> 초기 | AS30: =VLOOKUP(AO30,[1]데이터시트!$B$3:$N$196,6,FALSE) -> 실험실 | AT30: 20414167 | AU30: =VLOOKUP(AT30,[1]데이터시트!$B$3:$N$196,2,FALSE) -> 손석봉 | AV30: =VLOOKUP(AT30,[1]데이터시트!$B$3:$N$196,4,FALSE) -> 0 | AW30: =VLOOKUP(AT30,[1]데이터시트!$B$3:$N$196,11,FALSE) -> 도약 | AX30: =VLOOKUP(AT30,[1]데이터시트!$B$3:$N$196,6,FALSE) -> 지역기반 | AY30: 20417599 | AZ30: =VLOOKUP(AY30,[1]데이터시트!$B$3:$N$196,2,FALSE) -> 김수전 | BA30: =VLOOKUP(AY30,[1]데이터시트!$B$3:$N$196,4,FALSE) -> 0 | BB30: =VLOOKUP(AY30,[1]데이터시트!$B$3:$N$196,11,FALSE) -> 초기 | BC30: =VLOOKUP(AY30,[1]데이터시트!$B$3:$N$196,6,FALSE) -> 실험실 | BD30: 20419372 | BE30: =VLOOKUP(BD30,[1]데이터시트!$B$3:$N$196,2,FALSE) -> 김태희 | BF30: =VLOOKUP(BD30,[1]데이터시트!$B$3:$N$196,4,FALSE) -> 0 | BG30: =VLOOKUP(BD30,[1]데이터시트!$B$3:$N$196,11,FALSE) -> 초기 | BH30: =VLOOKUP(BD30,[1]데이터시트!$B$3:$N$196,6,FALSE) -> 지역기반
A31: =SUBTOTAL(103,$B$29:B31) -> 3 | B31: 2일차 | C31: =D30+5 -> 1050 | D31: 1110 | E31: 20 | F31: 20415817 | G31: =VLOOKUP(F31,[1]데이터시트!$B$3:$N$196,2,FALSE) -> 조만희 | H31: =VLOOKUP(F31,[1]데이터시트!$B$3:$N$196,4,FALSE) -> 0 | I31: =VLOOKUP(F31,[1]데이터시트!$B$3:$N$196,11,FALSE) -> 초기 | J31: =VLOOKUP(F31,[1]데이터시트!$B$3:$N$196,6,FALSE) -> 지역기반 | K31: 20410732 | L31: =VLOOKUP(K31,[1]데이터시트!$B$3:$N$196,2,FALSE) -> 여혜은 | M31: =VLOOKUP(K31,[1]데이터시트!$B$3:$N$196,4,FALSE) -> 0 | N31: =VLOOKUP(K31,[1]데이터시트!$B$3:$N$196,11,FALSE) -> 초기 | O31: =VLOOKUP(K33,[1]데이터시트!$B$3:$N$196,6,FALSE) -> 지역기반 | P31: 20428037 | Q31: =VLOOKUP(P31,[1]데이터시트!$B$3:$N$196,2,FALSE) -> 이원형 | R31: =VLOOKUP(P31,[1]데이터시트!$B$3:$N$196,4,FALSE) -> 0 | S31: =VLOOKUP(P31,[1]데이터시트!$B$3:$N$196,11,FALSE) -> 초기 | T31: =VLOOKUP(P31,[1]데이터시트!$B$3:$N$196,6,FALSE) -> 지역기반 | U31: 20406455 | V31: =VLOOKUP(U31,[1]데이터시트!$B$3:$N$196,2,FALSE) -> 홍기증 | W31: =VLOOKUP(U31,[1]데이터시트!$B$3:$N$196,4,FALSE) -> 0 | X31: =VLOOKUP(U31,[1]데이터시트!$B$3:$N$196,11,FALSE) -> 예비 | Y31: =VLOOKUP(U31,[1]데이터시트!$B$3:$N$196,6,FALSE) -> 대학발 | Z31: 20425817 | AA31: =VLOOKUP(Z31,[1]데이터시트!$B$3:$N$196,2,FALSE) -> 이종근 | AB31: =VLOOKUP(Z31,[1]데이터시트!$B$3:$N$196,4,FALSE) -> 0 | AC31: =VLOOKUP(Z31,[1]데이터시트!$B$3:$N$196,11,FALSE) -> 초기 | AD31: =VLOOKUP(Z31,[1]데이터시트!$B$3:$N$196,6,FALSE) -> 지역기반 | AE31: 20413444 | AF31: =VLOOKUP(AE31,[1]데이터시트!$B$3:$N$196,2,FALSE) -> 박재민 | AG31: =VLOOKUP(AE31,[1]데이터시트!$B$3:$N$196,4,FALSE) -> 0 | AH31: =VLOOKUP(AE31,[1]데이터시트!$B$3:$N$196,11,FALSE) -> 초기 | AI31: =VLOOKUP(AE31,[1]데이터시트!$B$3:$N$196,6,FALSE) -> 지역기반 | AJ31: 20415851 | AK31: =VLOOKUP(AJ31,[1]데이터시트!$B$3:$N$196,2,FALSE) -> 김지원 | AL31: =VLOOKUP(AJ31,[1]데이터시트!$B$3:$N$196,4,FALSE) -> 0 | AM31: =VLOOKUP(AJ31,[1]데이터시트!$B$3:$N$196,11,FALSE) -> 초기 | AN31: =VLOOKUP(AJ31,[1]데이터시트!$B$3:$N$196,6,FALSE) -> 지역기반 | AO31: 20412385 | AP31: =VLOOKUP(AO31,[1]데이터시트!$B$3:$N$196,2,FALSE) -> 엄선우 | AQ31: =VLOOKUP(AO31,[1]데이터시트!$B$3:$N$196,4,FALSE) -> 0 | AR31: =VLOOKUP(AO31,[1]데이터시트!$B$3:$N$196,11,FALSE) -> 초기 | AS31: =VLOOKUP(AO31,[1]데이터시트!$B$3:$N$196,6,FALSE) -> 실험실 | AT31: 20410202 | AU31: =VLOOKUP(AT31,[1]데이터시트!$B$3:$N$196,2,FALSE) -> 김준 | AV31: =VLOOKUP(AT31,[1]데이터시트!$B$3:$N$196,4,FALSE) -> 0 | AW31: =VLOOKUP(AT31,[1]데이터시트!$B$3:$N$196,11,FALSE) -> 도약 | AX31: =VLOOKUP(AT31,[1]데이터시트!$B$3:$N$196,6,FALSE) -> 지역기반 | AY31: 20403842 | AZ31: =VLOOKUP(AY31,[1]데이터시트!$B$3:$N$196,2,FALSE) -> 조나라 | BA31: =VLOOKUP(AY31,[1]데이터시트!$B$3:$N$196,4,FALSE) -> 0 | BB31: =VLOOKUP(AY31,[1]데이터시트!$B$3:$N$196,11,FALSE) -> 예비 | BC31: =VLOOKUP(AY31,[1]데이터시트!$B$3:$N$196,6,FALSE) -> 지역기반 | BD31: 20419388 | BE31: =VLOOKUP(BD31,[1]데이터시트!$B$3:$N$196,2,FALSE) -> 이명진 | BF31: =VLOOKUP(BD31,[1]데이터시트!$B$3:$N$196,4,FALSE) -> 0 | BG31: =VLOOKUP(BD31,[1]데이터시트!$B$3:$N$196,11,FALSE) -> 초기 | BH31: =VLOOKUP(BD31,[1]데이터시트!$B$3:$N$196,6,FALSE) -> 지역기반
A32: =SUBTOTAL(103,$B$29:B32) -> 4 | B32: 2일차 | C32: =D31+5 -> 1115 | D32: 1135 | E32: 20 | F32: 20421734 | G32: =VLOOKUP(F32,[1]데이터시트!$B$3:$N$196,2,FALSE) -> 이영주 | H32: =VLOOKUP(F32,[1]데이터시트!$B$3:$N$196,4,FALSE) -> 전임교원 | I32: =VLOOKUP(F32,[1]데이터시트!$B$3:$N$196,11,FALSE) -> 초기 | J32: =VLOOKUP(F32,[1]데이터시트!$B$3:$N$196,6,FALSE) -> 지역기반 | K32: 20419317 | L32: =VLOOKUP(K32,[1]데이터시트!$B$3:$N$196,2,FALSE) -> 조효정 | M32: =VLOOKUP(K32,[1]데이터시트!$B$3:$N$196,4,FALSE) -> 0 | N32: =VLOOKUP(K32,[1]데이터시트!$B$3:$N$196,11,FALSE) -> 초기 | O32: =VLOOKUP(K35,[1]데이터시트!$B$3:$N$196,6,FALSE) -> 지역기반 | P32: 20409229 | Q32: =VLOOKUP(P32,[1]데이터시트!$B$3:$N$196,2,FALSE) -> 박준호 | R32: =VLOOKUP(P32,[1]데이터시트!$B$3:$N$196,4,FALSE) -> 창업기업미해당 | S32: =VLOOKUP(P32,[1]데이터시트!$B$3:$N$196,11,FALSE) -> 0 | T32: =VLOOKUP(P32,[1]데이터시트!$B$3:$N$196,6,FALSE) -> 0 | U32: 20423136 | V32: =VLOOKUP(U32,[1]데이터시트!$B$3:$N$196,2,FALSE) -> 민무홍 | W32: =VLOOKUP(U32,[1]데이터시트!$B$3:$N$196,4,FALSE) -> 전임교원 | X32: =VLOOKUP(U32,[1]데이터시트!$B$3:$N$196,11,FALSE) -> 예비 | Y32: =VLOOKUP(U32,[1]데이터시트!$B$3:$N$196,6,FALSE) -> 대학발 | Z32: 20428574 | AA32: =VLOOKUP(Z32,[1]데이터시트!$B$3:$N$196,2,FALSE) -> 최승천 | AB32: =VLOOKUP(Z32,[1]데이터시트!$B$3:$N$196,4,FALSE) -> 0 | AC32: =VLOOKUP(Z32,[1]데이터시트!$B$3:$N$196,11,FALSE) -> 초기 | AD32: =VLOOKUP(Z32,[1]데이터시트!$B$3:$N$196,6,FALSE) -> 지역기반 | AE32: 20422710 | AF32: =VLOOKUP(AE32,[1]데이터시트!$B$3:$N$196,2,FALSE) -> 유봉현 | AG32: =VLOOKUP(AE32,[1]데이터시트!$B$3:$N$196,4,FALSE) -> 0 | AH32: =VLOOKUP(AE32,[1]데이터시트!$B$3:$N$196,11,FALSE) -> 초기 | AI32: =VLOOKUP(AE32,[1]데이터시트!$B$3:$N$196,6,FALSE) -> 지역기반 | AJ32: 20428457 | AK32: =VLOOKUP(AJ32,[1]데이터시트!$B$3:$N$196,2,FALSE) -> 김민수 | AL32: =VLOOKUP(AJ32,[1]데이터시트!$B$3:$N$196,4,FALSE) -> 0 | AM32: =VLOOKUP(AJ32,[1]데이터시트!$B$3:$N$196,11,FALSE) -> 초기 | AN32: =VLOOKUP(AJ32,[1]데이터시트!$B$3:$N$196,6,FALSE) -> 지역기반 | AO32: 20413825 | AP32: =VLOOKUP(AO32,[1]데이터시트!$B$3:$N$196,2,FALSE) -> 노상용 | AQ32: =VLOOKUP(AO32,[1]데이터시트!$B$3:$N$196,4,FALSE) -> 0 | AR32: =VLOOKUP(AO32,[1]데이터시트!$B$3:$N$196,11,FALSE) -> 초기 | AS32: =VLOOKUP(AO32,[1]데이터시트!$B$3:$N$196,6,FALSE) -> 실험실 | AT32: 20401269 | AU32: =VLOOKUP(AT32,[1]데이터시트!$B$3:$N$196,2,FALSE) -> 윤수정 | AV32: =VLOOKUP(AT32,[1]데이터시트!$B$3:$N$196,4,FALSE) -> 0 | AW32: =VLOOKUP(AT32,[1]데이터시트!$B$3:$N$196,11,FALSE) -> 초기 | AX32: =VLOOKUP(AT32,[1]데이터시트!$B$3:$N$196,6,FALSE) -> 지역기반 | AY32: 20439414 | AZ32: =VLOOKUP(AY32,[1]데이터시트!$B$3:$N$196,2,FALSE) -> 송인우 | BA32: =VLOOKUP(AY32,[1]데이터시트!$B$3:$N$196,4,FALSE) -> 0 | BB32: =VLOOKUP(AY32,[1]데이터시트!$B$3:$N$196,11,FALSE) -> 예비 | BC32: =VLOOKUP(AY32,[1]데이터시트!$B$3:$N$196,6,FALSE) -> 지역기반 | BD32: 20424483 | BE32: =VLOOKUP(BD32,[1]데이터시트!$B$3:$N$196,2,FALSE) -> 윤태균 | BF32: =VLOOKUP(BD32,[1]데이터시트!$B$3:$N$196,4,FALSE) -> 투자파트발굴 | BG32: =VLOOKUP(BD32,[1]데이터시트!$B$3:$N$196,11,FALSE) -> 초기 | BH32: =VLOOKUP(BD32,[1]데이터시트!$B$3:$N$196,6,FALSE) -> 지역기반
A33: =SUBTOTAL(103,$B$29:B33) -> 5 | B33: 2일차 | C33: =D32+5 -> 1140 | D33: 1200 | E33: 20 | F33: 20428934 | G33: =VLOOKUP(F33,[1]데이터시트!$B$3:$N$196,2,FALSE) -> 이원택 | H33: =VLOOKUP(F33,[1]데이터시트!$B$3:$N$196,4,FALSE) -> 0 | I33: =VLOOKUP(F33,[1]데이터시트!$B$3:$N$196,11,FALSE) -> 초기 | J33: =VLOOKUP(F33,[1]데이터시트!$B$3:$N$196,6,FALSE) -> 지역기반 | K33: 20427103 | L33: =VLOOKUP(K33,[1]데이터시트!$B$3:$N$196,2,FALSE) -> 이창욱 | M33: =VLOOKUP(K33,[1]데이터시트!$B$3:$N$196,4,FALSE) -> 0 | N33: =VLOOKUP(K33,[1]데이터시트!$B$3:$N$196,11,FALSE) -> 초기 | O33: =VLOOKUP(K36,[1]데이터시트!$B$3:$N$196,6,FALSE) -> 지역기반 | P33: 20412024 | Q33: =VLOOKUP(P33,[1]데이터시트!$B$3:$N$196,2,FALSE) -> 민선화 | R33: =VLOOKUP(P33,[1]데이터시트!$B$3:$N$196,4,FALSE) -> 0 | S33: =VLOOKUP(P33,[1]데이터시트!$B$3:$N$196,11,FALSE) -> 초기 | T33: =VLOOKUP(P33,[1]데이터시트!$B$3:$N$196,6,FALSE) -> 지역기반 | U33: 20415837 | V33: =VLOOKUP(U33,[1]데이터시트!$B$3:$N$196,2,FALSE) -> 노건준 | W33: =VLOOKUP(U33,[1]데이터시트!$B$3:$N$196,4,FALSE) -> 잠재력 확인 팀 | X33: =VLOOKUP(U33,[1]데이터시트!$B$3:$N$196,11,FALSE) -> 예비 | Y33: =VLOOKUP(U33,[1]데이터시트!$B$3:$N$196,6,FALSE) -> 대학발 | Z33: 20429923 | AA33: =VLOOKUP(Z33,[1]데이터시트!$B$3:$N$196,2,FALSE) -> 고현웅 | AB33: =VLOOKUP(Z33,[1]데이터시트!$B$3:$N$196,4,FALSE) -> 투자파트발굴/교원 | AC33: =VLOOKUP(Z33,[1]데이터시트!$B$3:$N$196,11,FALSE) -> 도약 | AD33: =VLOOKUP(Z33,[1]데이터시트!$B$3:$N$196,6,FALSE) -> 지역기반 | AE33: 20427563 | AF33: =VLOOKUP(AE33,[1]데이터시트!$B$3:$N$196,2,FALSE) -> 김성욱 | AG33: =VLOOKUP(AE33,[1]데이터시트!$B$3:$N$196,4,FALSE) -> 0 | AH33: =VLOOKUP(AE33,[1]데이터시트!$B$3:$N$196,11,FALSE) -> 초기 | AI33: =VLOOKUP(AE33,[1]데이터시트!$B$3:$N$196,6,FALSE) -> 지역기반 | AJ33: 20429088 | AK33: =VLOOKUP(AJ33,[1]데이터시트!$B$3:$N$196,2,FALSE) -> 김용완 | AL33: =VLOOKUP(AJ33,[1]데이터시트!$B$3:$N$196,4,FALSE) -> 0 | AM33: =VLOOKUP(AJ33,[1]데이터시트!$B$3:$N$196,11,FALSE) -> 초기 | AN33: =VLOOKUP(AJ33,[1]데이터시트!$B$3:$N$196,6,FALSE) -> 지역기반 | AO33: 20417675 | AP33: =VLOOKUP(AO33,[1]데이터시트!$B$3:$N$196,2,FALSE) -> 박한규 | AQ33: =VLOOKUP(AO33,[1]데이터시트!$B$3:$N$196,4,FALSE) -> 전임교원 | AR33: =VLOOKUP(AO33,[1]데이터시트!$B$3:$N$196,11,FALSE) -> 초기 | AS33: =VLOOKUP(AO33,[1]데이터시트!$B$3:$N$196,6,FALSE) -> 실험실 | AT33: 20416443 | AU33: =VLOOKUP(AT33,[1]데이터시트!$B$3:$N$196,2,FALSE) -> 김성진 | AV33: =VLOOKUP(AT33,[1]데이터시트!$B$3:$N$196,4,FALSE) -> 0 | AW33: =VLOOKUP(AT33,[1]데이터시트!$B$3:$N$196,11,FALSE) -> 초기 | AX33: =VLOOKUP(AT33,[1]데이터시트!$B$3:$N$196,6,FALSE) -> 지역기반 | AY33: 20428829 | AZ33: =VLOOKUP(AY33,[1]데이터시트!$B$3:$N$196,2,FALSE) -> 이건희 | BA33: =VLOOKUP(AY33,[1]데이터시트!$B$3:$N$196,4,FALSE) -> 0 | BB33: =VLOOKUP(AY33,[1]데이터시트!$B$3:$N$196,11,FALSE) -> 초기 | BC33: =VLOOKUP(AY33,[1]데이터시트!$B$3:$N$196,6,FALSE) -> 지역기반 | BD33: 20427515 | BE33: =VLOOKUP(BD33,[1]데이터시트!$B$3:$N$196,2,FALSE) -> 정우재 | BF33: =VLOOKUP(BD33,[1]데이터시트!$B$3:$N$196,4,FALSE) -> 0 | BG33: =VLOOKUP(BD33,[1]데이터시트!$B$3:$N$196,11,FALSE) -> 초기 | BH33: =VLOOKUP(BD33,[1]데이터시트!$B$3:$N$196,6,FALSE) -> 지역기반
C34: 1200 | D34: 1300 | E34: 60 | F34: 점심
A35: =SUBTOTAL(103,$B$29:B35) -> 6 | B35: 2일차 | C35: 1300 | D35: 1320 | E35: 20 | F35: 20409931 | G35: =VLOOKUP(F35,[1]데이터시트!$B$3:$N$196,2,FALSE) -> 김서진 | H35: =VLOOKUP(F35,[1]데이터시트!$B$3:$N$196,4,FALSE) -> 0 | I35: =VLOOKUP(F35,[1]데이터시트!$B$3:$N$196,11,FALSE) -> 도약 | J35: =VLOOKUP(F35,[1]데이터시트!$B$3:$N$196,6,FALSE) -> 지역기반 | K35: 20417694 | L35: =VLOOKUP(K35,[1]데이터시트!$B$3:$N$196,2,FALSE) -> 홍태균 | M35: =VLOOKUP(K35,[1]데이터시트!$B$3:$N$196,4,FALSE) -> 0 | N35: =VLOOKUP(K35,[1]데이터시트!$B$3:$N$196,11,FALSE) -> 초기 | O35: =VLOOKUP(K29,[1]데이터시트!$B$3:$N$196,6,FALSE) -> 지역기반 | P35: 20414899 | Q35: =VLOOKUP(P35,[1]데이터시트!$B$3:$N$196,2,FALSE) -> 김정훈 | R35: =VLOOKUP(P35,[1]데이터시트!$B$3:$N$196,4,FALSE) -> 잠재력 확인 팀 | S35: =VLOOKUP(P35,[1]데이터시트!$B$3:$N$196,11,FALSE) -> 초기 | T35: =VLOOKUP(P35,[1]데이터시트!$B$3:$N$196,6,FALSE) -> 지역기반 | AE35: 20428661 | AF35: =VLOOKUP(AE35,[1]데이터시트!$B$3:$N$196,2,FALSE) -> 이준영 | AG35: =VLOOKUP(AE35,[1]데이터시트!$B$3:$N$196,4,FALSE) -> 0 | AH35: =VLOOKUP(AE35,[1]데이터시트!$B$3:$N$196,11,FALSE) -> 초기 | AI35: =VLOOKUP(AE35,[1]데이터시트!$B$3:$N$196,6,FALSE) -> 지역기반 | AT35: 20424839 | AU35: =VLOOKUP(AT35,[1]데이터시트!$B$3:$N$196,2,FALSE) -> 이경원 | AV35: =VLOOKUP(AT35,[1]데이터시트!$B$3:$N$196,4,FALSE) -> 0 | AW35: =VLOOKUP(AT35,[1]데이터시트!$B$3:$N$196,11,FALSE) -> 초기 | AX35: =VLOOKUP(AT35,[1]데이터시트!$B$3:$N$196,6,FALSE) -> 지역기반 | AY35: 20418464 | AZ35: =VLOOKUP(AY35,[1]데이터시트!$B$3:$N$196,2,FALSE) -> 이창하 | BA35: =VLOOKUP(AY35,[1]데이터시트!$B$3:$N$196,4,FALSE) -> 0 | BB35: =VLOOKUP(AY35,[1]데이터시트!$B$3:$N$196,11,FALSE) -> 초기 | BC35: =VLOOKUP(AY35,[1]데이터시트!$B$3:$N$196,6,FALSE) -> 지역기반
A36: =SUBTOTAL(103,$B$29:B36) -> 7 | B36: 2일차 | C36: =D35+5 -> 1325 | D36: 1345 | E36: 20 | F36: 20431043 | G36: =VLOOKUP(F36,[1]데이터시트!$B$3:$N$196,2,FALSE) -> 유병기 | H36: =VLOOKUP(F36,[1]데이터시트!$B$3:$N$196,4,FALSE) -> 0 | I36: =VLOOKUP(F36,[1]데이터시트!$B$3:$N$196,11,FALSE) -> 도약 | J36: =VLOOKUP(F36,[1]데이터시트!$B$3:$N$196,6,FALSE) -> 지역기반 | K36: 20418822 | L36: =VLOOKUP(K36,[1]데이터시트!$B$3:$N$196,2,FALSE) -> 이종민 | M36: =VLOOKUP(K36,[1]데이터시트!$B$3:$N$196,4,FALSE) -> 0 | N36: =VLOOKUP(K36,[1]데이터시트!$B$3:$N$196,11,FALSE) -> 초기 | O36: =VLOOKUP(K30,[1]데이터시트!$B$3:$N$196,6,FALSE) -> 지역기반 | P36: 20428312 | Q36: =VLOOKUP(P36,[1]데이터시트!$B$3:$N$196,2,FALSE) -> 최의순 | R36: =VLOOKUP(P36,[1]데이터시트!$B$3:$N$196,4,FALSE) -> 0 | S36: =VLOOKUP(P36,[1]데이터시트!$B$3:$N$196,11,FALSE) -> 초기 | T36: =VLOOKUP(P36,[1]데이터시트!$B$3:$N$196,6,FALSE) -> 지역기반 | Z36: 20430098 | AA36: =VLOOKUP(Z36,[1]데이터시트!$B$3:$N$196,2,FALSE) -> 김민중 | AB36: =VLOOKUP(Z36,[1]데이터시트!$B$3:$N$196,4,FALSE) -> 0 | AC36: =VLOOKUP(Z36,[1]데이터시트!$B$3:$N$196,11,FALSE) -> 도약 | AD36: =VLOOKUP(Z36,[1]데이터시트!$B$3:$N$196,6,FALSE) -> 지역기반 | AE36: 20431761 | AF36: =VLOOKUP(AE36,[1]데이터시트!$B$3:$N$196,2,FALSE) -> 김범수 | AG36: =VLOOKUP(AE36,[1]데이터시트!$B$3:$N$196,4,FALSE) -> 0 | AH36: =VLOOKUP(AE36,[1]데이터시트!$B$3:$N$196,11,FALSE) -> 초기 | AI36: =VLOOKUP(AE36,[1]데이터시트!$B$3:$N$196,6,FALSE) -> 지역기반 | AJ36: 20428133 | AK36: =VLOOKUP(AJ36,[1]데이터시트!$B$3:$N$196,2,FALSE) -> 배주모 | AL36: =VLOOKUP(AJ36,[1]데이터시트!$B$3:$N$196,4,FALSE) -> 0 | AM36: =VLOOKUP(AJ36,[1]데이터시트!$B$3:$N$196,11,FALSE) -> 도약 | AN36: =VLOOKUP(AJ36,[1]데이터시트!$B$3:$N$196,6,FALSE) -> 지역기반 | AO36: 20420569 | AP36: =VLOOKUP(AO36,[1]데이터시트!$B$3:$N$196,2,FALSE) -> 김영길 | AQ36: =VLOOKUP(AO36,[1]데이터시트!$B$3:$N$196,4,FALSE) -> 0 | AR36: =VLOOKUP(AO36,[1]데이터시트!$B$3:$N$196,11,FALSE) -> 초기 | AS36: =VLOOKUP(AO36,[1]데이터시트!$B$3:$N$196,6,FALSE) -> 실험실 | AT36: 20428258 | AU36: =VLOOKUP(AT36,[1]데이터시트!$B$3:$N$196,2,FALSE) -> 이정현 | AV36: =VLOOKUP(AT36,[1]데이터시트!$B$3:$N$196,4,FALSE) -> 0 | AW36: =VLOOKUP(AT36,[1]데이터시트!$B$3:$N$196,11,FALSE) -> 초기 | AX36: =VLOOKUP(AT36,[1]데이터시트!$B$3:$N$196,6,FALSE) -> 지역기반 | AY36: 20426658 | AZ36: =VLOOKUP(AY36,[1]데이터시트!$B$3:$N$196,2,FALSE) -> 최해란 | BA36: =VLOOKUP(AY36,[1]데이터시트!$B$3:$N$196,4,FALSE) -> 0 | BB36: =VLOOKUP(AY36,[1]데이터시트!$B$3:$N$196,11,FALSE) -> 초기 | BC36: =VLOOKUP(AY36,[1]데이터시트!$B$3:$N$196,6,FALSE) -> 지역기반
A37: =SUBTOTAL(103,$B$29:B37) -> 8 | B37: 2일차 | C37: =D36+5 -> 1350 | D37: 1410 | E37: 20 | F37: 20416947 | G37: =VLOOKUP(F37,[1]데이터시트!$B$3:$N$196,2,FALSE) -> 김민상 | H37: =VLOOKUP(F37,[1]데이터시트!$B$3:$N$196,4,FALSE) -> 0 | I37: =VLOOKUP(F37,[1]데이터시트!$B$3:$N$196,11,FALSE) -> 도약 | J37: =VLOOKUP(F37,[1]데이터시트!$B$3:$N$196,6,FALSE) -> 지역기반 | K37: 20415506 | L37: =VLOOKUP(K37,[1]데이터시트!$B$3:$N$196,2,FALSE) -> 남수정 | M37: =VLOOKUP(K37,[1]데이터시트!$B$3:$N$196,4,FALSE) -> 0 | N37: =VLOOKUP(K37,[1]데이터시트!$B$3:$N$196,11,FALSE) -> 도약 | O37: =VLOOKUP(K37,[1]데이터시트!$B$3:$N$196,6,FALSE) -> 지역기반 | P37: 20424540 | Q37: =VLOOKUP(P37,[1]데이터시트!$B$3:$N$196,2,FALSE) -> 배기쁨 | R37: =VLOOKUP(P37,[1]데이터시트!$B$3:$N$196,4,FALSE) -> 0 | S37: =VLOOKUP(P37,[1]데이터시트!$B$3:$N$196,11,FALSE) -> 초기 | T37: =VLOOKUP(P37,[1]데이터시트!$B$3:$N$196,6,FALSE) -> 지역기반 | Z37: 20426937 | AA37: =VLOOKUP(Z37,[1]데이터시트!$B$3:$N$196,2,FALSE) -> 이성수 | AB37: =VLOOKUP(Z37,[1]데이터시트!$B$3:$N$196,4,FALSE) -> 0 | AC37: =VLOOKUP(Z37,[1]데이터시트!$B$3:$N$196,11,FALSE) -> 도약 | AD37: =VLOOKUP(Z37,[1]데이터시트!$B$3:$N$196,6,FALSE) -> 지역기반 | AE37: 20417238 | AF37: =VLOOKUP(AE37,[1]데이터시트!$B$3:$N$196,2,FALSE) -> 서동석 | AG37: =VLOOKUP(AE37,[1]데이터시트!$B$3:$N$196,4,FALSE) -> 0 | AH37: =VLOOKUP(AE37,[1]데이터시트!$B$3:$N$196,11,FALSE) -> 초기 | AI37: =VLOOKUP(AE37,[1]데이터시트!$B$3:$N$196,6,FALSE) -> 실험실 | AJ37: 20432254 | AK37: =VLOOKUP(AJ37,[1]데이터시트!$B$3:$N$196,2,FALSE) -> 정재준 | AL37: =VLOOKUP(AJ37,[1]데이터시트!$B$3:$N$196,4,FALSE) -> 0 | AM37: =VLOOKUP(AJ37,[1]데이터시트!$B$3:$N$196,11,FALSE) -> 도약 | AN37: =VLOOKUP(AJ37,[1]데이터시트!$B$3:$N$196,6,FALSE) -> 지역기반 | AO37: 20419189 | AP37: =VLOOKUP(AO37,[1]데이터시트!$B$3:$N$196,2,FALSE) -> 권오석 | AQ37: =VLOOKUP(AO37,[1]데이터시트!$B$3:$N$196,4,FALSE) -> 전임교원 | AR37: =VLOOKUP(AO37,[1]데이터시트!$B$3:$N$196,11,FALSE) -> 초기 | AS37: =VLOOKUP(AO37,[1]데이터시트!$B$3:$N$196,6,FALSE) -> 실험실 | AT37: 20415499 | AU37: =VLOOKUP(AT37,[1]데이터시트!$B$3:$N$196,2,FALSE) -> 정진우 | AV37: =VLOOKUP(AT37,[1]데이터시트!$B$3:$N$196,4,FALSE) -> 0 | AW37: =VLOOKUP(AT37,[1]데이터시트!$B$3:$N$196,11,FALSE) -> 초기 | AX37: =VLOOKUP(AT37,[1]데이터시트!$B$3:$N$196,6,FALSE) -> 지역기반 | AY37: 20413666 | AZ37: =VLOOKUP(AY37,[1]데이터시트!$B$3:$N$196,2,FALSE) -> 김정현 | BA37: =VLOOKUP(AY37,[1]데이터시트!$B$3:$N$196,4,FALSE) -> 0 | BB37: =VLOOKUP(AY37,[1]데이터시트!$B$3:$N$196,11,FALSE) -> 초기 | BC37: =VLOOKUP(AY37,[1]데이터시트!$B$3:$N$196,6,FALSE) -> 지역기반 | BD37: 20416542 | BE37: =VLOOKUP(BD37,[1]데이터시트!$B$3:$N$196,2,FALSE) -> 박기호 | BF37: =VLOOKUP(BD37,[1]데이터시트!$B$3:$N$196,4,FALSE) -> 0 | BG37: =VLOOKUP(BD37,[1]데이터시트!$B$3:$N$196,11,FALSE) -> 도약 | BH37: =VLOOKUP(BD37,[1]데이터시트!$B$3:$N$196,6,FALSE) -> 지역기반
A38: =SUBTOTAL(103,$B$29:B38) -> 9 | B38: 2일차 | C38: =D37+5 -> 1415 | D38: 1435 | E38: 20 | F38: 20415487 | G38: =VLOOKUP(F38,[1]데이터시트!$B$3:$N$196,2,FALSE) -> 김용민 | H38: =VLOOKUP(F38,[1]데이터시트!$B$3:$N$196,4,FALSE) -> 0 | I38: =VLOOKUP(F38,[1]데이터시트!$B$3:$N$196,11,FALSE) -> 도약 | J38: =VLOOKUP(F38,[1]데이터시트!$B$3:$N$196,6,FALSE) -> 지역기반 | K38: 20431875 | L38: =VLOOKUP(K38,[1]데이터시트!$B$3:$N$196,2,FALSE) -> 강지현 | M38: =VLOOKUP(K38,[1]데이터시트!$B$3:$N$196,4,FALSE) -> 0 | N38: =VLOOKUP(K38,[1]데이터시트!$B$3:$N$196,11,FALSE) -> 도약 | O38: =VLOOKUP(K38,[1]데이터시트!$B$3:$N$196,6,FALSE) -> 지역기반 | P38: 20419192 | Q38: =VLOOKUP(P38,[1]데이터시트!$B$3:$N$196,2,FALSE) -> 박주연 | R38: =VLOOKUP(P38,[1]데이터시트!$B$3:$N$196,4,FALSE) -> 0 | S38: =VLOOKUP(P38,[1]데이터시트!$B$3:$N$196,11,FALSE) -> 초기 | T38: =VLOOKUP(P38,[1]데이터시트!$B$3:$N$196,6,FALSE) -> 실험실 | U38: 20403700 | V38: =VLOOKUP(U38,[1]데이터시트!$B$3:$N$196,2,FALSE) -> 강연구 | W38: =VLOOKUP(U38,[1]데이터시트!$B$3:$N$196,4,FALSE) -> 0 | X38: =VLOOKUP(U38,[1]데이터시트!$B$3:$N$196,11,FALSE) -> 초기 | Y38: =VLOOKUP(U38,[1]데이터시트!$B$3:$N$196,6,FALSE) -> 대학발 | Z38: 20418623 | AA38: =VLOOKUP(Z38,[1]데이터시트!$B$3:$N$196,2,FALSE) -> 이성욱 | AB38: =VLOOKUP(Z38,[1]데이터시트!$B$3:$N$196,4,FALSE) -> 0 | AC38: =VLOOKUP(Z38,[1]데이터시트!$B$3:$N$196,11,FALSE) -> 초기 | AD38: =VLOOKUP(Z38,[1]데이터시트!$B$3:$N$196,6,FALSE) -> 실험실 | AE38: 20417596 | AF38: =VLOOKUP(AE38,[1]데이터시트!$B$3:$N$196,2,FALSE) -> 전일 | AG38: =VLOOKUP(AE38,[1]데이터시트!$B$3:$N$196,4,FALSE) -> 전임교원 | AH38: =VLOOKUP(AE38,[1]데이터시트!$B$3:$N$196,11,FALSE) -> 초기 | AI38: =VLOOKUP(AE38,[1]데이터시트!$B$3:$N$196,6,FALSE) -> 대학발 | AJ38: 20415849 | AK38: =VLOOKUP(AJ38,[1]데이터시트!$B$3:$N$196,2,FALSE) -> 서상수 | AL38: =VLOOKUP(AJ38,[1]데이터시트!$B$3:$N$196,4,FALSE) -> 0 | AM38: =VLOOKUP(AJ38,[1]데이터시트!$B$3:$N$196,11,FALSE) -> 도약 | AN38: =VLOOKUP(AJ38,[1]데이터시트!$B$3:$N$196,6,FALSE) -> 지역기반 | AO38: 20421952 | AP38: =VLOOKUP(AO38,[1]데이터시트!$B$3:$N$196,2,FALSE) -> 박진형 | AQ38: =VLOOKUP(AO38,[1]데이터시트!$B$3:$N$196,4,FALSE) -> 전임교원 | AR38: =VLOOKUP(AO38,[1]데이터시트!$B$3:$N$196,11,FALSE) -> 초기 | AS38: =VLOOKUP(AO38,[1]데이터시트!$B$3:$N$196,6,FALSE) -> 실험실 | AT38: 20426411 | AU38: =VLOOKUP(AT38,[1]데이터시트!$B$3:$N$196,2,FALSE) -> 봉민균 | AV38: =VLOOKUP(AT38,[1]데이터시트!$B$3:$N$196,4,FALSE) -> 0 | AW38: =VLOOKUP(AT38,[1]데이터시트!$B$3:$N$196,11,FALSE) -> 초기 | AX38: =VLOOKUP(AT38,[1]데이터시트!$B$3:$N$196,6,FALSE) -> 지역기반 | AY38: 20404406 | AZ38: =VLOOKUP(AY38,[1]데이터시트!$B$3:$N$196,2,FALSE) -> 김진혁 | BA38: =VLOOKUP(AY38,[1]데이터시트!$B$3:$N$196,4,FALSE) -> 0 | BB38: =VLOOKUP(AY38,[1]데이터시트!$B$3:$N$196,11,FALSE) -> 도약 | BC38: =VLOOKUP(AY38,[1]데이터시트!$B$3:$N$196,6,FALSE) -> 지역기반 | BD38: 20419206 | BE38: =VLOOKUP(BD38,[1]데이터시트!$B$3:$N$196,2,FALSE) -> 민경국 | BF38: =VLOOKUP(BD38,[1]데이터시트!$B$3:$N$196,4,FALSE) -> 0 | BG38: =VLOOKUP(BD38,[1]데이터시트!$B$3:$N$196,11,FALSE) -> 도약 | BH38: =VLOOKUP(BD38,[1]데이터시트!$B$3:$N$196,6,FALSE) -> 지역기반
A39: =SUBTOTAL(103,$B$29:B39) -> 10 | B39: 2일차 | C39: =D38+5 -> 1440 | D39: 1500 | E39: 20 | F39: 20417617 | G39: =VLOOKUP(F39,[1]데이터시트!$B$3:$N$196,2,FALSE) -> 서진원 | H39: =VLOOKUP(F39,[1]데이터시트!$B$3:$N$196,4,FALSE) -> 0 | I39: =VLOOKUP(F39,[1]데이터시트!$B$3:$N$196,11,FALSE) -> 도약 | J39: =VLOOKUP(F39,[1]데이터시트!$B$3:$N$196,6,FALSE) -> 지역기반 | K39: 20415870 | L39: =VLOOKUP(K39,[1]데이터시트!$B$3:$N$196,2,FALSE) -> 이민규 | M39: =VLOOKUP(K39,[1]데이터시트!$B$3:$N$196,4,FALSE) -> 0 | N39: =VLOOKUP(K39,[1]데이터시트!$B$3:$N$196,11,FALSE) -> 도약 | O39: =VLOOKUP(K39,[1]데이터시트!$B$3:$N$196,6,FALSE) -> 지역기반 | P39: 20417697 | Q39: =VLOOKUP(P39,[1]데이터시트!$B$3:$N$196,2,FALSE) -> 신완선 | R39: =VLOOKUP(P39,[1]데이터시트!$B$3:$N$196,4,FALSE) -> 전임교원 | S39: =VLOOKUP(P39,[1]데이터시트!$B$3:$N$196,11,FALSE) -> 초기 | T39: =VLOOKUP(P39,[1]데이터시트!$B$3:$N$196,6,FALSE) -> 실험실 | U39: 20427590 | V39: =VLOOKUP(U39,[1]데이터시트!$B$3:$N$196,2,FALSE) -> 한진영 | W39: =VLOOKUP(U39,[1]데이터시트!$B$3:$N$196,4,FALSE) -> 전임교원 | X39: =VLOOKUP(U39,[1]데이터시트!$B$3:$N$196,11,FALSE) -> 초기 | Y39: =VLOOKUP(U39,[1]데이터시트!$B$3:$N$196,6,FALSE) -> 대학발 | Z39: 20419110 | AA39: =VLOOKUP(Z39,[1]데이터시트!$B$3:$N$196,2,FALSE) -> 서준호 | AB39: =VLOOKUP(Z39,[1]데이터시트!$B$3:$N$196,4,FALSE) -> 0 | AC39: =VLOOKUP(Z39,[1]데이터시트!$B$3:$N$196,11,FALSE) -> 초기 | AD39: =VLOOKUP(Z39,[1]데이터시트!$B$3:$N$196,6,FALSE) -> 실험실 | AE39: 20427490 | AF39: =VLOOKUP(AE39,[1]데이터시트!$B$3:$N$196,2,FALSE) -> 전정배 | AG39: =VLOOKUP(AE39,[1]데이터시트!$B$3:$N$196,4,FALSE) -> 0 | AH39: =VLOOKUP(AE39,[1]데이터시트!$B$3:$N$196,11,FALSE) -> 초기 | AI39: =VLOOKUP(AE39,[1]데이터시트!$B$3:$N$196,6,FALSE) -> 대학발 | AJ39: 20416502 | AK39: =VLOOKUP(AJ39,[1]데이터시트!$B$3:$N$196,2,FALSE) -> 이상근 | AL39: =VLOOKUP(AJ39,[1]데이터시트!$B$3:$N$196,4,FALSE) -> 0 | AM39: =VLOOKUP(AJ39,[1]데이터시트!$B$3:$N$196,11,FALSE) -> 도약 | AN39: =VLOOKUP(AJ39,[1]데이터시트!$B$3:$N$196,6,FALSE) -> 지역기반 | AO39: 20423821 | AP39: =VLOOKUP(AO39,[1]데이터시트!$B$3:$N$196,2,FALSE) -> 장희수 | AQ39: =VLOOKUP(AO39,[1]데이터시트!$B$3:$N$196,4,FALSE) -> 0 | AR39: =VLOOKUP(AO39,[1]데이터시트!$B$3:$N$196,11,FALSE) -> 초기 | AS39: =VLOOKUP(AO39,[1]데이터시트!$B$3:$N$196,6,FALSE) -> 실험실 | AT39: 20426887 | AU39: =VLOOKUP(AT39,[1]데이터시트!$B$3:$N$196,2,FALSE) -> 김희중 | AV39: =VLOOKUP(AT39,[1]데이터시트!$B$3:$N$196,4,FALSE) -> 0 | AW39: =VLOOKUP(AT39,[1]데이터시트!$B$3:$N$196,11,FALSE) -> 초기 | AX39: =VLOOKUP(AT39,[1]데이터시트!$B$3:$N$196,6,FALSE) -> 지역기반 | AY39: 20406463 | AZ39: =VLOOKUP(AY39,[1]데이터시트!$B$3:$N$196,2,FALSE) -> 유영진 | BA39: =VLOOKUP(AY39,[1]데이터시트!$B$3:$N$196,4,FALSE) -> 0 | BB39: =VLOOKUP(AY39,[1]데이터시트!$B$3:$N$196,11,FALSE) -> 도약 | BC39: =VLOOKUP(AY39,[1]데이터시트!$B$3:$N$196,6,FALSE) -> 지역기반 | BD39: 20424544 | BE39: =VLOOKUP(BD39,[1]데이터시트!$B$3:$N$196,2,FALSE) -> 주태경 | BF39: =VLOOKUP(BD39,[1]데이터시트!$B$3:$N$196,4,FALSE) -> 0 | BG39: =VLOOKUP(BD39,[1]데이터시트!$B$3:$N$196,11,FALSE) -> 도약 | BH39: =VLOOKUP(BD39,[1]데이터시트!$B$3:$N$196,6,FALSE) -> 지역기반
A40: =SUBTOTAL(103,$B$29:B40) -> 11 | B40: 2일차 | C40: =D39+5 -> 1505 | D40: 1525 | E40: 20 | F40: 20430125 | G40: =VLOOKUP(F40,[1]데이터시트!$B$3:$N$196,2,FALSE) -> 이진식 | H40: =VLOOKUP(F40,[1]데이터시트!$B$3:$N$196,4,FALSE) -> 0 | I40: =VLOOKUP(F40,[1]데이터시트!$B$3:$N$196,11,FALSE) -> 도약 | J40: =VLOOKUP(F40,[1]데이터시트!$B$3:$N$196,6,FALSE) -> 지역기반 | K40: 20429144 | L40: =VLOOKUP(K40,[1]데이터시트!$B$3:$N$196,2,FALSE) -> 이현민 | M40: =VLOOKUP(K40,[1]데이터시트!$B$3:$N$196,4,FALSE) -> 매출실적우수 | N40: =VLOOKUP(K40,[1]데이터시트!$B$3:$N$196,11,FALSE) -> 도약 | O40: =VLOOKUP(K40,[1]데이터시트!$B$3:$N$196,6,FALSE) -> 지역기반 | P40: 20419387 | Q40: =VLOOKUP(P40,[1]데이터시트!$B$3:$N$196,2,FALSE) -> WOO SIMON SUNGIL | R40: =VLOOKUP(P40,[1]데이터시트!$B$3:$N$196,4,FALSE) -> 전임교원 | S40: =VLOOKUP(P40,[1]데이터시트!$B$3:$N$196,11,FALSE) -> 초기 | T40: =VLOOKUP(P40,[1]데이터시트!$B$3:$N$196,6,FALSE) -> 실험실 | U40: 20433135 | V40: =VLOOKUP(U40,[1]데이터시트!$B$3:$N$196,2,FALSE) -> 이예린 | W40: =VLOOKUP(U40,[1]데이터시트!$B$3:$N$196,4,FALSE) -> 0 | X40: =VLOOKUP(U40,[1]데이터시트!$B$3:$N$196,11,FALSE) -> 도약 | Y40: =VLOOKUP(U40,[1]데이터시트!$B$3:$N$196,6,FALSE) -> 대학발 | Z40: 20418471 | AA40: =VLOOKUP(Z40,[1]데이터시트!$B$3:$N$196,2,FALSE) -> 김도년 | AB40: =VLOOKUP(Z40,[1]데이터시트!$B$3:$N$196,4,FALSE) -> 0 | AC40: =VLOOKUP(Z40,[1]데이터시트!$B$3:$N$196,11,FALSE) -> 초기 | AD40: =VLOOKUP(Z40,[1]데이터시트!$B$3:$N$196,6,FALSE) -> 대학발 | AE40: 20416208 | AF40: =VLOOKUP(AE40,[1]데이터시트!$B$3:$N$196,2,FALSE) -> 이동욱 | AG40: =VLOOKUP(AE40,[1]데이터시트!$B$3:$N$196,4,FALSE) -> 0 | AH40: =VLOOKUP(AE40,[1]데이터시트!$B$3:$N$196,11,FALSE) -> 도약 | AI40: =VLOOKUP(AE40,[1]데이터시트!$B$3:$N$196,6,FALSE) -> 대학발 | AJ40: 20430556 | AK40: =VLOOKUP(AJ40,[1]데이터시트!$B$3:$N$196,2,FALSE) -> 홍준호 | AL40: =VLOOKUP(AJ40,[1]데이터시트!$B$3:$N$196,4,FALSE) -> 0 | AM40: =VLOOKUP(AJ40,[1]데이터시트!$B$3:$N$196,11,FALSE) -> 도약 | AN40: =VLOOKUP(AJ40,[1]데이터시트!$B$3:$N$196,6,FALSE) -> 지역기반 | AO40: 20426680 | AP40: =VLOOKUP(AO40,[1]데이터시트!$B$3:$N$196,2,FALSE) -> 이승원 | AQ40: =VLOOKUP(AO40,[1]데이터시트!$B$3:$N$196,4,FALSE) -> 전임교원 | AR40: =VLOOKUP(AO40,[1]데이터시트!$B$3:$N$196,11,FALSE) -> 초기 | AS40: =VLOOKUP(AO40,[1]데이터시트!$B$3:$N$196,6,FALSE) -> 실험실 | AT40: 20416668 | AU40: =VLOOKUP(AT40,[1]데이터시트!$B$3:$N$196,2,FALSE) -> 박규근 | AV40: =VLOOKUP(AT40,[1]데이터시트!$B$3:$N$196,4,FALSE) -> 0 | AW40: =VLOOKUP(AT40,[1]데이터시트!$B$3:$N$196,11,FALSE) -> 초기 | AX40: =VLOOKUP(AT40,[1]데이터시트!$B$3:$N$196,6,FALSE) -> 대학발 | AY40: 20414728 | AZ40: =VLOOKUP(AY40,[1]데이터시트!$B$3:$N$196,2,FALSE) -> 황해주 | BA40: =VLOOKUP(AY40,[1]데이터시트!$B$3:$N$196,4,FALSE) -> 0 | BB40: =VLOOKUP(AY40,[1]데이터시트!$B$3:$N$196,11,FALSE) -> 도약 | BC40: =VLOOKUP(AY40,[1]데이터시트!$B$3:$N$196,6,FALSE) -> 지역기반 | BD40: 20425527 | BE40: =VLOOKUP(BD40,[1]데이터시트!$B$3:$N$196,2,FALSE) -> 황정은 | BF40: =VLOOKUP(BD40,[1]데이터시트!$B$3:$N$196,4,FALSE) -> 0 | BG40: =VLOOKUP(BD40,[1]데이터시트!$B$3:$N$196,11,FALSE) -> 도약 | BH40: =VLOOKUP(BD40,[1]데이터시트!$B$3:$N$196,6,FALSE) -> 지역기반
A41: =SUBTOTAL(103,$B$29:B41) -> 12 | B41: 2일차 | C41: =D40+5 -> 1530 | D41: 1550 | E41: 20 | F41: 20418598 | G41: =VLOOKUP(F41,[1]데이터시트!$B$3:$N$196,2,FALSE) -> 박윤범 | H41: =VLOOKUP(F41,[1]데이터시트!$B$3:$N$196,4,FALSE) -> 0 | I41: =VLOOKUP(F41,[1]데이터시트!$B$3:$N$196,11,FALSE) -> 도약 | J41: =VLOOKUP(F41,[1]데이터시트!$B$3:$N$196,6,FALSE) -> 지역기반 | K41: 20430558 | L41: =VLOOKUP(K41,[1]데이터시트!$B$3:$N$196,2,FALSE) -> 이승훈 | M41: =VLOOKUP(K41,[1]데이터시트!$B$3:$N$196,4,FALSE) -> 0 | N41: =VLOOKUP(K41,[1]데이터시트!$B$3:$N$196,11,FALSE) -> 도약 | O41: =VLOOKUP(K41,[1]데이터시트!$B$3:$N$196,6,FALSE) -> 지역기반 | P41: 20402754 | Q41: =VLOOKUP(P41,[1]데이터시트!$B$3:$N$196,2,FALSE) -> 최하진 | R41: =VLOOKUP(P41,[1]데이터시트!$B$3:$N$196,4,FALSE) -> 0 | S41: =VLOOKUP(P41,[1]데이터시트!$B$3:$N$196,11,FALSE) -> 초기 | T41: =VLOOKUP(P41,[1]데이터시트!$B$3:$N$196,6,FALSE) -> 실험실 | Z41: 20439651 | AA41: =VLOOKUP(Z41,[1]데이터시트!$B$3:$N$196,2,FALSE) -> 박장호 | AB41: =VLOOKUP(Z41,[1]데이터시트!$B$3:$N$196,4,FALSE) -> 전임교원 | AC41: =VLOOKUP(Z41,[1]데이터시트!$B$3:$N$196,11,FALSE) -> 예비 | AD41: =VLOOKUP(Z41,[1]데이터시트!$B$3:$N$196,6,FALSE) -> 대학발 | AE41: 20428674 | AF41: =VLOOKUP(AE41,[1]데이터시트!$B$3:$N$196,2,FALSE) -> 박성준 | AG41: =VLOOKUP(AE41,[1]데이터시트!$B$3:$N$196,4,FALSE) -> 잠재력 확인 팀 | AH41: =VLOOKUP(AE41,[1]데이터시트!$B$3:$N$196,11,FALSE) -> 도약 | AI41: =VLOOKUP(AE41,[1]데이터시트!$B$3:$N$196,6,FALSE) -> 대학발 | AJ41: 20431117 | AK41: =VLOOKUP(AJ41,[1]데이터시트!$B$3:$N$196,2,FALSE) -> 우성호 | AL41: =VLOOKUP(AJ41,[1]데이터시트!$B$3:$N$196,4,FALSE) -> 매출실적우수 | AM41: =VLOOKUP(AJ41,[1]데이터시트!$B$3:$N$196,11,FALSE) -> 도약 | AN41: =VLOOKUP(AJ41,[1]데이터시트!$B$3:$N$196,6,FALSE) -> 지역기반 | AO41: 20419166 | AP41: =VLOOKUP(AO41,[1]데이터시트!$B$3:$N$196,2,FALSE) -> 강기운 | AQ41: =VLOOKUP(AO41,[1]데이터시트!$B$3:$N$196,4,FALSE) -> 0 | AR41: =VLOOKUP(AO41,[1]데이터시트!$B$3:$N$196,11,FALSE) -> 초기 | AS41: =VLOOKUP(AO41,[1]데이터시트!$B$3:$N$196,6,FALSE) -> 실험실 | AT41: 20421742 | AU41: =VLOOKUP(AT41,[1]데이터시트!$B$3:$N$196,2,FALSE) -> 이원철 | AV41: =VLOOKUP(AT41,[1]데이터시트!$B$3:$N$196,4,FALSE) -> 0 | AW41: =VLOOKUP(AT41,[1]데이터시트!$B$3:$N$196,11,FALSE) -> 초기 | AX41: =VLOOKUP(AT41,[1]데이터시트!$B$3:$N$196,6,FALSE) -> 실험실 | AY41: 20425350 | AZ41: =VLOOKUP(AY41,[1]데이터시트!$B$3:$N$196,2,FALSE) -> 정승호 | BA41: =VLOOKUP(AY41,[1]데이터시트!$B$3:$N$196,4,FALSE) -> 전임교원 | BB41: =VLOOKUP(AY41,[1]데이터시트!$B$3:$N$196,11,FALSE) -> 도약 | BC41: =VLOOKUP(AY41,[1]데이터시트!$B$3:$N$196,6,FALSE) -> 지역기반 | BD41: 20429004 | BE41: =VLOOKUP(BD41,[1]데이터시트!$B$3:$N$196,2,FALSE) -> 조용일 | BF41: =VLOOKUP(BD41,[1]데이터시트!$B$3:$N$196,4,FALSE) -> 매출실적우수 | BG41: =VLOOKUP(BD41,[1]데이터시트!$B$3:$N$196,11,FALSE) -> 도약 | BH41: =VLOOKUP(BD41,[1]데이터시트!$B$3:$N$196,6,FALSE) -> 지역기반
A42: =SUBTOTAL(103,$B$29:B42) -> 13 | B42: 2일차 | C42: =D41+5 -> 1555 | D42: 1615 | E42: 20 | AE42: 20415322 | AF42: =VLOOKUP(AE42,[1]데이터시트!$B$3:$N$196,2,FALSE) -> 김건형 | AG42: =VLOOKUP(AE42,[1]데이터시트!$B$3:$N$196,4,FALSE) -> 0 | AH42: =VLOOKUP(AE42,[1]데이터시트!$B$3:$N$196,11,FALSE) -> 예비 | AI42: =VLOOKUP(AE42,[1]데이터시트!$B$3:$N$196,6,FALSE) -> 대학발 | AO42: 20414230 | AP42: =VLOOKUP(AO42,[1]데이터시트!$B$3:$N$196,2,FALSE) -> 전영준 | AQ42: =VLOOKUP(AO42,[1]데이터시트!$B$3:$N$196,4,FALSE) -> 전임교원 | AR42: =VLOOKUP(AO42,[1]데이터시트!$B$3:$N$196,11,FALSE) -> 초기 | AS42: =VLOOKUP(AO42,[1]데이터시트!$B$3:$N$196,6,FALSE) -> 대학발
A43: =SUBTOTAL(103,$B$29:B43) -> 14 | B43: 2일차 | C43: =D42+5 -> 1620 | D43: 1640 | E43: 20
C44: 1640 | D44: 1730 | E44: 분과별 위원장을 통한 최종 점수 확인
F47: =IFERROR(VLOOKUP(F12,[1]데이터시트!$B$3:$N$196,9,FALSE),"") -> 정보ㆍ통신 | G47: =IFERROR(VLOOKUP(G12,[1]데이터시트!$B$3:$N$196,9,FALSE),"") | H47: =IFERROR(VLOOKUP(H12,[1]데이터시트!$B$3:$N$196,9,FALSE),"") | J47: =IFERROR(VLOOKUP(J8,[1]데이터시트!$B$3:$N$196,9,FALSE),"") | K47: =IFERROR(VLOOKUP(K19,[1]데이터시트!$B$3:$N$196,9,FALSE),"") -> 정보ㆍ통신 | L47: =IFERROR(VLOOKUP(L19,[1]데이터시트!$B$3:$N$196,9,FALSE),"") | M47: =IFERROR(VLOOKUP(M19,[1]데이터시트!$B$3:$N$196,9,FALSE),"") | O47: =IFERROR(VLOOKUP(O19,[1]데이터시트!$B$3:$N$196,9,FALSE),"") | P47: =IFERROR(VLOOKUP(P15,[1]데이터시트!$B$3:$N$196,9,FALSE),"") -> 정보ㆍ통신 | Q47: =IFERROR(VLOOKUP(Q15,[1]데이터시트!$B$3:$N$196,9,FALSE),"") | R47: =IFERROR(VLOOKUP(R15,[1]데이터시트!$B$3:$N$196,9,FALSE),"") | T47: =IFERROR(VLOOKUP(T15,[1]데이터시트!$B$3:$N$196,9,FALSE),"") | U47: =IFERROR(VLOOKUP(U8,[1]데이터시트!$B$3:$N$196,9,FALSE),"") -> 정보ㆍ통신 | V47: =IFERROR(VLOOKUP(V8,[1]데이터시트!$B$3:$N$196,9,FALSE),"") | W47: =IFERROR(VLOOKUP(W8,[1]데이터시트!$B$3:$N$196,9,FALSE),"") | Y47: =IFERROR(VLOOKUP(Y8,[1]데이터시트!$B$3:$N$196,9,FALSE),"") | Z47: =IFERROR(VLOOKUP(AB8,[1]데이터시트!$B$3:$N$196,9,FALSE),"") | AA47: =IFERROR(VLOOKUP(AD8,[1]데이터시트!$B$3:$N$196,9,FALSE),"") | AB47: =IFERROR(VLOOKUP(AE8,[1]데이터시트!$B$3:$N$196,9,FALSE),"") | AD47: =IFERROR(VLOOKUP(AF8,[1]데이터시트!$B$3:$N$196,9,FALSE),"") | AE47: =IFERROR(VLOOKUP(AG8,[1]데이터시트!$B$3:$N$196,9,FALSE),"") | AF47: =IFERROR(VLOOKUP(AI8,[1]데이터시트!$B$3:$N$196,9,FALSE),"") | AG47: =IFERROR(VLOOKUP(AJ12,[1]데이터시트!$B$3:$N$196,9,FALSE),"") -> 바이오ㆍ의료ㆍ생명 | AI47: =IFERROR(VLOOKUP(AK12,[1]데이터시트!$B$3:$N$196,9,FALSE),"") | AJ47: =IFERROR(VLOOKUP(AL12,[1]데이터시트!$B$3:$N$196,9,FALSE),"") | AK47: =IFERROR(VLOOKUP(AN12,[1]데이터시트!$B$3:$N$196,9,FALSE),"") | AL47: =IFERROR(VLOOKUP(AO16,[1]데이터시트!$B$3:$N$196,9,FALSE),"") -> 바이오ㆍ의료ㆍ생명 | AN47: =IFERROR(VLOOKUP(AP16,[1]데이터시트!$B$3:$N$196,9,FALSE),"") | AO47: =IFERROR(VLOOKUP(AQ16,[1]데이터시트!$B$3:$N$196,9,FALSE),"") | AP47: =IFERROR(VLOOKUP(AS16,[1]데이터시트!$B$3:$N$196,9,FALSE),"") | AQ47: =IFERROR(VLOOKUP(AT8,[1]데이터시트!$B$3:$N$196,9,FALSE),"") | AS47: =IFERROR(VLOOKUP(AU8,[1]데이터시트!$B$3:$N$196,9,FALSE),"") | AT47: =IFERROR(VLOOKUP(AV8,[1]데이터시트!$B$3:$N$196,9,FALSE),"") | AU47: =IFERROR(VLOOKUP(AX8,[1]데이터시트!$B$3:$N$196,9,FALSE),"") | AV47: =IFERROR(VLOOKUP(AY8,[1]데이터시트!$B$3:$N$196,9,FALSE),"") | AX47: =IFERROR(VLOOKUP(AZ8,[1]데이터시트!$B$3:$N$196,9,FALSE),"") | AY47: =IFERROR(VLOOKUP(BA8,[1]데이터시트!$B$3:$N$196,9,FALSE),"") | AZ47: =IFERROR(VLOOKUP(BC8,[1]데이터시트!$B$3:$N$196,9,FALSE),"") | BA47: =IFERROR(VLOOKUP(BD8,[1]데이터시트!$B$3:$N$196,9,FALSE),"") | BC47: =IFERROR(VLOOKUP(BE8,[1]데이터시트!$B$3:$N$196,9,FALSE),"") | BD47: =IFERROR(VLOOKUP(BF8,[1]데이터시트!$B$3:$N$196,9,FALSE),"") | BE47: =IFERROR(VLOOKUP(BH8,[1]데이터시트!$B$3:$N$196,9,FALSE),"")
F48: =IFERROR(VLOOKUP(F17,[1]데이터시트!$B$3:$N$196,9,FALSE),"") -> 정보ㆍ통신 | G48: =IFERROR(VLOOKUP(G17,[1]데이터시트!$B$3:$N$196,9,FALSE),"") | H48: =IFERROR(VLOOKUP(H17,[1]데이터시트!$B$3:$N$196,9,FALSE),"") | J48: =IFERROR(VLOOKUP(J9,[1]데이터시트!$B$3:$N$196,9,FALSE),"") | K48: =IFERROR(VLOOKUP(K20,[1]데이터시트!$B$3:$N$196,9,FALSE),"") -> 정보ㆍ통신 | L48: =IFERROR(VLOOKUP(L20,[1]데이터시트!$B$3:$N$196,9,FALSE),"") | M48: =IFERROR(VLOOKUP(M20,[1]데이터시트!$B$3:$N$196,9,FALSE),"") | O48: =IFERROR(VLOOKUP(O20,[1]데이터시트!$B$3:$N$196,9,FALSE),"") | P48: =IFERROR(VLOOKUP(P9,[1]데이터시트!$B$3:$N$196,9,FALSE),"") -> 정보ㆍ통신 | Q48: =IFERROR(VLOOKUP(Q9,[1]데이터시트!$B$3:$N$196,9,FALSE),"") | R48: =IFERROR(VLOOKUP(R9,[1]데이터시트!$B$3:$N$196,9,FALSE),"") | T48: =IFERROR(VLOOKUP(T9,[1]데이터시트!$B$3:$N$196,9,FALSE),"") | U48: =IFERROR(VLOOKUP(U9,[1]데이터시트!$B$3:$N$196,9,FALSE),"") -> 정보ㆍ통신 | V48: =IFERROR(VLOOKUP(V9,[1]데이터시트!$B$3:$N$196,9,FALSE),"") | W48: =IFERROR(VLOOKUP(W9,[1]데이터시트!$B$3:$N$196,9,FALSE),"") | Y48: =IFERROR(VLOOKUP(Y9,[1]데이터시트!$B$3:$N$196,9,FALSE),"") | Z48: =IFERROR(VLOOKUP(AB9,[1]데이터시트!$B$3:$N$196,9,FALSE),"") | AA48: =IFERROR(VLOOKUP(AD9,[1]데이터시트!$B$3:$N$196,9,FALSE),"") | AB48: =IFERROR(VLOOKUP(AE9,[1]데이터시트!$B$3:$N$196,9,FALSE),"") | AD48: =IFERROR(VLOOKUP(AF9,[1]데이터시트!$B$3:$N$196,9,FALSE),"") | AE48: =IFERROR(VLOOKUP(AG9,[1]데이터시트!$B$3:$N$196,9,FALSE),"") | AF48: =IFERROR(VLOOKUP(AI9,[1]데이터시트!$B$3:$N$196,9,FALSE),"") | AG48: =IFERROR(VLOOKUP(AJ18,[1]데이터시트!$B$3:$N$196,9,FALSE),"") -> 바이오ㆍ의료ㆍ생명 | AI48: =IFERROR(VLOOKUP(AK18,[1]데이터시트!$B$3:$N$196,9,FALSE),"") | AJ48: =IFERROR(VLOOKUP(AL18,[1]데이터시트!$B$3:$N$196,9,FALSE),"") | AK48: =IFERROR(VLOOKUP(AN18,[1]데이터시트!$B$3:$N$196,9,FALSE),"") | AL48: =IFERROR(VLOOKUP(AO17,[1]데이터시트!$B$3:$N$196,9,FALSE),"") -> 바이오ㆍ의료ㆍ생명 | AN48: =IFERROR(VLOOKUP(AP17,[1]데이터시트!$B$3:$N$196,9,FALSE),"") | AO48: =IFERROR(VLOOKUP(AQ17,[1]데이터시트!$B$3:$N$196,9,FALSE),"") | AP48: =IFERROR(VLOOKUP(AS17,[1]데이터시트!$B$3:$N$196,9,FALSE),"") | AQ48: =IFERROR(VLOOKUP(AT9,[1]데이터시트!$B$3:$N$196,9,FALSE),"") | AS48: =IFERROR(VLOOKUP(AU9,[1]데이터시트!$B$3:$N$196,9,FALSE),"") | AT48: =IFERROR(VLOOKUP(AV9,[1]데이터시트!$B$3:$N$196,9,FALSE),"") | AU48: =IFERROR(VLOOKUP(AX9,[1]데이터시트!$B$3:$N$196,9,FALSE),"") | AV48: =IFERROR(VLOOKUP(AY9,[1]데이터시트!$B$3:$N$196,9,FALSE),"") | AX48: =IFERROR(VLOOKUP(AZ9,[1]데이터시트!$B$3:$N$196,9,FALSE),"") | AY48: =IFERROR(VLOOKUP(BA9,[1]데이터시트!$B$3:$N$196,9,FALSE),"") | AZ48: =IFERROR(VLOOKUP(BC9,[1]데이터시트!$B$3:$N$196,9,FALSE),"") | BA48: =IFERROR(VLOOKUP(BD9,[1]데이터시트!$B$3:$N$196,9,FALSE),"") | BC48: =IFERROR(VLOOKUP(BE9,[1]데이터시트!$B$3:$N$196,9,FALSE),"") | BD48: =IFERROR(VLOOKUP(BF9,[1]데이터시트!$B$3:$N$196,9,FALSE),"") | BE48: =IFERROR(VLOOKUP(BH9,[1]데이터시트!$B$3:$N$196,9,FALSE),"")
F49: =IFERROR(VLOOKUP(F10,[1]데이터시트!$B$3:$N$196,9,FALSE),"") -> 정보ㆍ통신 | G49: =IFERROR(VLOOKUP(G10,[1]데이터시트!$B$3:$N$196,9,FALSE),"") | H49: =IFERROR(VLOOKUP(H10,[1]데이터시트!$B$3:$N$196,9,FALSE),"") | J49: =IFERROR(VLOOKUP(J10,[1]데이터시트!$B$3:$N$196,9,FALSE),"") | K49: =IFERROR(VLOOKUP(K18,[1]데이터시트!$B$3:$N$196,9,FALSE),"") -> 정보ㆍ통신 | L49: =IFERROR(VLOOKUP(L18,[1]데이터시트!$B$3:$N$196,9,FALSE),"") | M49: =IFERROR(VLOOKUP(M18,[1]데이터시트!$B$3:$N$196,9,FALSE),"") | O49: =IFERROR(VLOOKUP(O18,[1]데이터시트!$B$3:$N$196,9,FALSE),"") | P49: =IFERROR(VLOOKUP(P12,[1]데이터시트!$B$3:$N$196,9,FALSE),"") -> 정보ㆍ통신 | Q49: =IFERROR(VLOOKUP(Q12,[1]데이터시트!$B$3:$N$196,9,FALSE),"") | R49: =IFERROR(VLOOKUP(R12,[1]데이터시트!$B$3:$N$196,9,FALSE),"") | T49: =IFERROR(VLOOKUP(T12,[1]데이터시트!$B$3:$N$196,9,FALSE),"") | U49: =IFERROR(VLOOKUP(U10,[1]데이터시트!$B$3:$N$196,9,FALSE),"") -> 정보ㆍ통신 | V49: =IFERROR(VLOOKUP(V10,[1]데이터시트!$B$3:$N$196,9,FALSE),"") | W49: =IFERROR(VLOOKUP(W10,[1]데이터시트!$B$3:$N$196,9,FALSE),"") | Y49: =IFERROR(VLOOKUP(Y10,[1]데이터시트!$B$3:$N$196,9,FALSE),"") | Z49: =IFERROR(VLOOKUP(AB10,[1]데이터시트!$B$3:$N$196,9,FALSE),"") | AA49: =IFERROR(VLOOKUP(AD10,[1]데이터시트!$B$3:$N$196,9,FALSE),"") | AB49: =IFERROR(VLOOKUP(AE10,[1]데이터시트!$B$3:$N$196,9,FALSE),"") | AD49: =IFERROR(VLOOKUP(AF10,[1]데이터시트!$B$3:$N$196,9,FALSE),"") | AE49: =IFERROR(VLOOKUP(AG10,[1]데이터시트!$B$3:$N$196,9,FALSE),"") | AF49: =IFERROR(VLOOKUP(AI10,[1]데이터시트!$B$3:$N$196,9,FALSE),"") | AG49: =IFERROR(VLOOKUP(AJ19,[1]데이터시트!$B$3:$N$196,9,FALSE),"") -> 바이오ㆍ의료ㆍ생명 | AI49: =IFERROR(VLOOKUP(AK19,[1]데이터시트!$B$3:$N$196,9,FALSE),"") | AJ49: =IFERROR(VLOOKUP(AL19,[1]데이터시트!$B$3:$N$196,9,FALSE),"") | AK49: =IFERROR(VLOOKUP(AN19,[1]데이터시트!$B$3:$N$196,9,FALSE),"") | AL49: =IFERROR(VLOOKUP(AO8,[1]데이터시트!$B$3:$N$196,9,FALSE),"") -> 바이오ㆍ의료ㆍ생명 | AN49: =IFERROR(VLOOKUP(AP8,[1]데이터시트!$B$3:$N$196,9,FALSE),"") | AO49: =IFERROR(VLOOKUP(AQ8,[1]데이터시트!$B$3:$N$196,9,FALSE),"") | AP49: =IFERROR(VLOOKUP(AS8,[1]데이터시트!$B$3:$N$196,9,FALSE),"") | AQ49: =IFERROR(VLOOKUP(AT10,[1]데이터시트!$B$3:$N$196,9,FALSE),"") | AS49: =IFERROR(VLOOKUP(AU10,[1]데이터시트!$B$3:$N$196,9,FALSE),"") | AT49: =IFERROR(VLOOKUP(AV10,[1]데이터시트!$B$3:$N$196,9,FALSE),"") | AU49: =IFERROR(VLOOKUP(AX10,[1]데이터시트!$B$3:$N$196,9,FALSE),"") | AV49: =IFERROR(VLOOKUP(AY10,[1]데이터시트!$B$3:$N$196,9,FALSE),"") | AX49: =IFERROR(VLOOKUP(AZ10,[1]데이터시트!$B$3:$N$196,9,FALSE),"") | AY49: =IFERROR(VLOOKUP(BA10,[1]데이터시트!$B$3:$N$196,9,FALSE),"") | AZ49: =IFERROR(VLOOKUP(BC10,[1]데이터시트!$B$3:$N$196,9,FALSE),"") | BA49: =IFERROR(VLOOKUP(BD10,[1]데이터시트!$B$3:$N$196,9,FALSE),"") | BC49: =IFERROR(VLOOKUP(BE10,[1]데이터시트!$B$3:$N$196,9,FALSE),"") | BD49: =IFERROR(VLOOKUP(BF10,[1]데이터시트!$B$3:$N$196,9,FALSE),"") | BE49: =IFERROR(VLOOKUP(BH10,[1]데이터시트!$B$3:$N$196,9,FALSE),"")
F50: =IFERROR(VLOOKUP(F11,[1]데이터시트!$B$3:$N$196,9,FALSE),"") -> 정보ㆍ통신 | G50: =IFERROR(VLOOKUP(G11,[1]데이터시트!$B$3:$N$196,9,FALSE),"") | H50: =IFERROR(VLOOKUP(H11,[1]데이터시트!$B$3:$N$196,9,FALSE),"") | J50: =IFERROR(VLOOKUP(J11,[1]데이터시트!$B$3:$N$196,9,FALSE),"") | K50: =IFERROR(VLOOKUP(K11,[1]데이터시트!$B$3:$N$196,9,FALSE),"") -> 정보ㆍ통신 | L50: =IFERROR(VLOOKUP(L11,[1]데이터시트!$B$3:$N$196,9,FALSE),"") | M50: =IFERROR(VLOOKUP(M11,[1]데이터시트!$B$3:$N$196,9,FALSE),"") | O50: =IFERROR(VLOOKUP(O11,[1]데이터시트!$B$3:$N$196,9,FALSE),"") | P50: =IFERROR(VLOOKUP(P8,[1]데이터시트!$B$3:$N$196,9,FALSE),"") -> 정보ㆍ통신 | Q50: =IFERROR(VLOOKUP(Q8,[1]데이터시트!$B$3:$N$196,9,FALSE),"") | R50: =IFERROR(VLOOKUP(R8,[1]데이터시트!$B$3:$N$196,9,FALSE),"") | T50: =IFERROR(VLOOKUP(T8,[1]데이터시트!$B$3:$N$196,9,FALSE),"") | U50: =IFERROR(VLOOKUP(U15,[1]데이터시트!$B$3:$N$196,9,FALSE),"") -> 정보ㆍ통신 | V50: =IFERROR(VLOOKUP(V15,[1]데이터시트!$B$3:$N$196,9,FALSE),"") | W50: =IFERROR(VLOOKUP(W15,[1]데이터시트!$B$3:$N$196,9,FALSE),"") | Y50: =IFERROR(VLOOKUP(Y15,[1]데이터시트!$B$3:$N$196,9,FALSE),"") | Z50: =IFERROR(VLOOKUP(AB11,[1]데이터시트!$B$3:$N$196,9,FALSE),"") | AA50: =IFERROR(VLOOKUP(AD11,[1]데이터시트!$B$3:$N$196,9,FALSE),"") | AB50: =IFERROR(VLOOKUP(AE11,[1]데이터시트!$B$3:$N$196,9,FALSE),"") | AD50: =IFERROR(VLOOKUP(AF11,[1]데이터시트!$B$3:$N$196,9,FALSE),"") | AE50: =IFERROR(VLOOKUP(AG11,[1]데이터시트!$B$3:$N$196,9,FALSE),"") | AF50: =IFERROR(VLOOKUP(AI11,[1]데이터시트!$B$3:$N$196,9,FALSE),"") | AG50: =IFERROR(VLOOKUP(AJ11,[1]데이터시트!$B$3:$N$196,9,FALSE),"") -> 바이오ㆍ의료ㆍ생명 | AI50: =IFERROR(VLOOKUP(AK11,[1]데이터시트!$B$3:$N$196,9,FALSE),"") | AJ50: =IFERROR(VLOOKUP(AL11,[1]데이터시트!$B$3:$N$196,9,FALSE),"") | AK50: =IFERROR(VLOOKUP(AN11,[1]데이터시트!$B$3:$N$196,9,FALSE),"") | AL50: =IFERROR(VLOOKUP(AO19,[1]데이터시트!$B$3:$N$196,9,FALSE),"") -> 바이오ㆍ의료ㆍ생명 | AN50: =IFERROR(VLOOKUP(AP19,[1]데이터시트!$B$3:$N$196,9,FALSE),"") | AO50: =IFERROR(VLOOKUP(AQ19,[1]데이터시트!$B$3:$N$196,9,FALSE),"") | AP50: =IFERROR(VLOOKUP(AS19,[1]데이터시트!$B$3:$N$196,9,FALSE),"") | AQ50: =IFERROR(VLOOKUP(AT11,[1]데이터시트!$B$3:$N$196,9,FALSE),"") | AS50: =IFERROR(VLOOKUP(AU11,[1]데이터시트!$B$3:$N$196,9,FALSE),"") | AT50: =IFERROR(VLOOKUP(AV11,[1]데이터시트!$B$3:$N$196,9,FALSE),"") | AU50: =IFERROR(VLOOKUP(AX11,[1]데이터시트!$B$3:$N$196,9,FALSE),"") | AV50: =IFERROR(VLOOKUP(AY11,[1]데이터시트!$B$3:$N$196,9,FALSE),"") | AX50: =IFERROR(VLOOKUP(AZ11,[1]데이터시트!$B$3:$N$196,9,FALSE),"") | AY50: =IFERROR(VLOOKUP(BA11,[1]데이터시트!$B$3:$N$196,9,FALSE),"") | AZ50: =IFERROR(VLOOKUP(BC11,[1]데이터시트!$B$3:$N$196,9,FALSE),"") | BA50: =IFERROR(VLOOKUP(BD11,[1]데이터시트!$B$3:$N$196,9,FALSE),"") | BC50: =IFERROR(VLOOKUP(BE11,[1]데이터시트!$B$3:$N$196,9,FALSE),"") | BD50: =IFERROR(VLOOKUP(BF11,[1]데이터시트!$B$3:$N$196,9,FALSE),"") | BE50: =IFERROR(VLOOKUP(BH11,[1]데이터시트!$B$3:$N$196,9,FALSE),"")
F51: =IFERROR(VLOOKUP(F9,[1]데이터시트!$B$3:$N$196,9,FALSE),"") -> 정보ㆍ통신 | G51: =IFERROR(VLOOKUP(G9,[1]데이터시트!$B$3:$N$196,9,FALSE),"") | H51: =IFERROR(VLOOKUP(H9,[1]데이터시트!$B$3:$N$196,9,FALSE),"") | J51: =IFERROR(VLOOKUP(J12,[1]데이터시트!$B$3:$N$196,9,FALSE),"") | K51: =IFERROR(VLOOKUP(K12,[1]데이터시트!$B$3:$N$196,9,FALSE),"") -> 정보ㆍ통신 | L51: =IFERROR(VLOOKUP(L12,[1]데이터시트!$B$3:$N$196,9,FALSE),"") | M51: =IFERROR(VLOOKUP(M12,[1]데이터시트!$B$3:$N$196,9,FALSE),"") | O51: =IFERROR(VLOOKUP(O12,[1]데이터시트!$B$3:$N$196,9,FALSE),"") | P51: =IFERROR(VLOOKUP(P16,[1]데이터시트!$B$3:$N$196,9,FALSE),"") -> 정보ㆍ통신 | Q51: =IFERROR(VLOOKUP(Q16,[1]데이터시트!$B$3:$N$196,9,FALSE),"") | R51: =IFERROR(VLOOKUP(R16,[1]데이터시트!$B$3:$N$196,9,FALSE),"") | T51: =IFERROR(VLOOKUP(T16,[1]데이터시트!$B$3:$N$196,9,FALSE),"") | U51: =IFERROR(VLOOKUP(U12,[1]데이터시트!$B$3:$N$196,9,FALSE),"") | V51: =IFERROR(VLOOKUP(V12,[1]데이터시트!$B$3:$N$196,9,FALSE),"") | W51: =IFERROR(VLOOKUP(W12,[1]데이터시트!$B$3:$N$196,9,FALSE),"") | Y51: =IFERROR(VLOOKUP(Y12,[1]데이터시트!$B$3:$N$196,9,FALSE),"") | Z51: =IFERROR(VLOOKUP(AB12,[1]데이터시트!$B$3:$N$196,9,FALSE),"") | AA51: =IFERROR(VLOOKUP(AD12,[1]데이터시트!$B$3:$N$196,9,FALSE),"") | AB51: =IFERROR(VLOOKUP(AE12,[1]데이터시트!$B$3:$N$196,9,FALSE),"") | AD51: =IFERROR(VLOOKUP(AF12,[1]데이터시트!$B$3:$N$196,9,FALSE),"") | AE51: =IFERROR(VLOOKUP(AG12,[1]데이터시트!$B$3:$N$196,9,FALSE),"") | AF51: =IFERROR(VLOOKUP(AI12,[1]데이터시트!$B$3:$N$196,9,FALSE),"") | AG51: =IFERROR(VLOOKUP(AJ20,[1]데이터시트!$B$3:$N$196,9,FALSE),"") -> 바이오ㆍ의료ㆍ생명 | AI51: =IFERROR(VLOOKUP(AK20,[1]데이터시트!$B$3:$N$196,9,FALSE),"") | AJ51: =IFERROR(VLOOKUP(AL20,[1]데이터시트!$B$3:$N$196,9,FALSE),"") | AK51: =IFERROR(VLOOKUP(AN20,[1]데이터시트!$B$3:$N$196,9,FALSE),"") | AL51: =IFERROR(VLOOKUP(AO10,[1]데이터시트!$B$3:$N$196,9,FALSE),"") -> 바이오ㆍ의료ㆍ생명 | AN51: =IFERROR(VLOOKUP(AP10,[1]데이터시트!$B$3:$N$196,9,FALSE),"") | AO51: =IFERROR(VLOOKUP(AQ10,[1]데이터시트!$B$3:$N$196,9,FALSE),"") | AP51: =IFERROR(VLOOKUP(AS10,[1]데이터시트!$B$3:$N$196,9,FALSE),"") | AQ51: =IFERROR(VLOOKUP(AT12,[1]데이터시트!$B$3:$N$196,9,FALSE),"") | AS51: =IFERROR(VLOOKUP(AU12,[1]데이터시트!$B$3:$N$196,9,FALSE),"") | AT51: =IFERROR(VLOOKUP(AV12,[1]데이터시트!$B$3:$N$196,9,FALSE),"") | AU51: =IFERROR(VLOOKUP(AX12,[1]데이터시트!$B$3:$N$196,9,FALSE),"") | AV51: =IFERROR(VLOOKUP(AY12,[1]데이터시트!$B$3:$N$196,9,FALSE),"") | AX51: =IFERROR(VLOOKUP(AZ12,[1]데이터시트!$B$3:$N$196,9,FALSE),"") | AY51: =IFERROR(VLOOKUP(BA12,[1]데이터시트!$B$3:$N$196,9,FALSE),"") | AZ51: =IFERROR(VLOOKUP(BC12,[1]데이터시트!$B$3:$N$196,9,FALSE),"") | BA51: =IFERROR(VLOOKUP(BD12,[1]데이터시트!$B$3:$N$196,9,FALSE),"") | BC51: =IFERROR(VLOOKUP(BE12,[1]데이터시트!$B$3:$N$196,9,FALSE),"") | BD51: =IFERROR(VLOOKUP(BF12,[1]데이터시트!$B$3:$N$196,9,FALSE),"") | BE51: =IFERROR(VLOOKUP(BH12,[1]데이터시트!$B$3:$N$196,9,FALSE),"")
F52: =IFERROR(VLOOKUP(F13,[1]데이터시트!$B$3:$N$196,9,FALSE),"") | G52: =IFERROR(VLOOKUP(G13,[1]데이터시트!$B$3:$N$196,9,FALSE),"") | H52: =IFERROR(VLOOKUP(H13,[1]데이터시트!$B$3:$N$196,9,FALSE),"") | J52: =IFERROR(VLOOKUP(J13,[1]데이터시트!$B$3:$N$196,9,FALSE),"") | K52: =IFERROR(VLOOKUP(K13,[1]데이터시트!$B$3:$N$196,9,FALSE),"") | L52: =IFERROR(VLOOKUP(L13,[1]데이터시트!$B$3:$N$196,9,FALSE),"") | M52: =IFERROR(VLOOKUP(M13,[1]데이터시트!$B$3:$N$196,9,FALSE),"") | O52: =IFERROR(VLOOKUP(O13,[1]데이터시트!$B$3:$N$196,9,FALSE),"") | P52: =IFERROR(VLOOKUP(P13,[1]데이터시트!$B$3:$N$196,9,FALSE),"") | Q52: =IFERROR(VLOOKUP(Q13,[1]데이터시트!$B$3:$N$196,9,FALSE),"") | R52: =IFERROR(VLOOKUP(R13,[1]데이터시트!$B$3:$N$196,9,FALSE),"") | T52: =IFERROR(VLOOKUP(T13,[1]데이터시트!$B$3:$N$196,9,FALSE),"") | U52: =IFERROR(VLOOKUP(U13,[1]데이터시트!$B$3:$N$196,9,FALSE),"") | V52: =IFERROR(VLOOKUP(V13,[1]데이터시트!$B$3:$N$196,9,FALSE),"") | W52: =IFERROR(VLOOKUP(W13,[1]데이터시트!$B$3:$N$196,9,FALSE),"") | Y52: =IFERROR(VLOOKUP(Y13,[1]데이터시트!$B$3:$N$196,9,FALSE),"") | Z52: =IFERROR(VLOOKUP(AB13,[1]데이터시트!$B$3:$N$196,9,FALSE),"") | AA52: =IFERROR(VLOOKUP(AD13,[1]데이터시트!$B$3:$N$196,9,FALSE),"") | AB52: =IFERROR(VLOOKUP(AE13,[1]데이터시트!$B$3:$N$196,9,FALSE),"") | AD52: =IFERROR(VLOOKUP(AF13,[1]데이터시트!$B$3:$N$196,9,FALSE),"") | AE52: =IFERROR(VLOOKUP(AG13,[1]데이터시트!$B$3:$N$196,9,FALSE),"") | AF52: =IFERROR(VLOOKUP(AI13,[1]데이터시트!$B$3:$N$196,9,FALSE),"") | AG52: =IFERROR(VLOOKUP(AJ13,[1]데이터시트!$B$3:$N$196,9,FALSE),"") | AI52: =IFERROR(VLOOKUP(AK13,[1]데이터시트!$B$3:$N$196,9,FALSE),"") | AJ52: =IFERROR(VLOOKUP(AL13,[1]데이터시트!$B$3:$N$196,9,FALSE),"") | AK52: =IFERROR(VLOOKUP(AN13,[1]데이터시트!$B$3:$N$196,9,FALSE),"") | AL52: =IFERROR(VLOOKUP(AO13,[1]데이터시트!$B$3:$N$196,9,FALSE),"") | AN52: =IFERROR(VLOOKUP(AP13,[1]데이터시트!$B$3:$N$196,9,FALSE),"") | AO52: =IFERROR(VLOOKUP(AQ13,[1]데이터시트!$B$3:$N$196,9,FALSE),"") | AP52: =IFERROR(VLOOKUP(AS13,[1]데이터시트!$B$3:$N$196,9,FALSE),"") | AQ52: =IFERROR(VLOOKUP(AT13,[1]데이터시트!$B$3:$N$196,9,FALSE),"") | AS52: =IFERROR(VLOOKUP(AU13,[1]데이터시트!$B$3:$N$196,9,FALSE),"") | AT52: =IFERROR(VLOOKUP(AV13,[1]데이터시트!$B$3:$N$196,9,FALSE),"") | AU52: =IFERROR(VLOOKUP(AX13,[1]데이터시트!$B$3:$N$196,9,FALSE),"") | AV52: =IFERROR(VLOOKUP(AY13,[1]데이터시트!$B$3:$N$196,9,FALSE),"") | AX52: =IFERROR(VLOOKUP(AZ13,[1]데이터시트!$B$3:$N$196,9,FALSE),"") | AY52: =IFERROR(VLOOKUP(BA13,[1]데이터시트!$B$3:$N$196,9,FALSE),"") | AZ52: =IFERROR(VLOOKUP(BC13,[1]데이터시트!$B$3:$N$196,9,FALSE),"") | BA52: =IFERROR(VLOOKUP(BD13,[1]데이터시트!$B$3:$N$196,9,FALSE),"") | BC52: =IFERROR(VLOOKUP(BE13,[1]데이터시트!$B$3:$N$196,9,FALSE),"") | BD52: =IFERROR(VLOOKUP(BF13,[1]데이터시트!$B$3:$N$196,9,FALSE),"") | BE52: =IFERROR(VLOOKUP(BH13,[1]데이터시트!$B$3:$N$196,9,FALSE),"")
F53: =IFERROR(VLOOKUP(F8,[1]데이터시트!$B$3:$N$196,9,FALSE),"") -> 정보ㆍ통신 | G53: =IFERROR(VLOOKUP(G8,[1]데이터시트!$B$3:$N$196,9,FALSE),"") | H53: =IFERROR(VLOOKUP(H8,[1]데이터시트!$B$3:$N$196,9,FALSE),"") | J53: =IFERROR(VLOOKUP(J14,[1]데이터시트!$B$3:$N$196,9,FALSE),"") | K53: =IFERROR(VLOOKUP(K15,[1]데이터시트!$B$3:$N$196,9,FALSE),"") -> 정보ㆍ통신 | L53: =IFERROR(VLOOKUP(L15,[1]데이터시트!$B$3:$N$196,9,FALSE),"") | M53: =IFERROR(VLOOKUP(M15,[1]데이터시트!$B$3:$N$196,9,FALSE),"") | O53: =IFERROR(VLOOKUP(O15,[1]데이터시트!$B$3:$N$196,9,FALSE),"") | P53: =IFERROR(VLOOKUP(P14,[1]데이터시트!$B$3:$N$196,9,FALSE),"") -> 정보ㆍ통신 | Q53: =IFERROR(VLOOKUP(Q14,[1]데이터시트!$B$3:$N$196,9,FALSE),"") | R53: =IFERROR(VLOOKUP(R14,[1]데이터시트!$B$3:$N$196,9,FALSE),"") | T53: =IFERROR(VLOOKUP(T14,[1]데이터시트!$B$3:$N$196,9,FALSE),"") | U53: =IFERROR(VLOOKUP(#REF!,[1]데이터시트!$B$3:$N$196,9,FALSE),"") | V53: =IFERROR(VLOOKUP(#REF!,[1]데이터시트!$B$3:$N$196,9,FALSE),"") | W53: =IFERROR(VLOOKUP(#REF!,[1]데이터시트!$B$3:$N$196,9,FALSE),"") | Y53: =IFERROR(VLOOKUP(#REF!,[1]데이터시트!$B$3:$N$196,9,FALSE),"") | Z53: =IFERROR(VLOOKUP(AB14,[1]데이터시트!$B$3:$N$196,9,FALSE),"") | AA53: =IFERROR(VLOOKUP(AD14,[1]데이터시트!$B$3:$N$196,9,FALSE),"") | AB53: =IFERROR(VLOOKUP(AE14,[1]데이터시트!$B$3:$N$196,9,FALSE),"") | AD53: =IFERROR(VLOOKUP(AF14,[1]데이터시트!$B$3:$N$196,9,FALSE),"") | AE53: =IFERROR(VLOOKUP(AG14,[1]데이터시트!$B$3:$N$196,9,FALSE),"") | AF53: =IFERROR(VLOOKUP(AI14,[1]데이터시트!$B$3:$N$196,9,FALSE),"") | AG53: =IFERROR(VLOOKUP(AJ14,[1]데이터시트!$B$3:$N$196,9,FALSE),"") -> 바이오ㆍ의료ㆍ생명 | AI53: =IFERROR(VLOOKUP(AK14,[1]데이터시트!$B$3:$N$196,9,FALSE),"") | AJ53: =IFERROR(VLOOKUP(AL14,[1]데이터시트!$B$3:$N$196,9,FALSE),"") | AK53: =IFERROR(VLOOKUP(AN14,[1]데이터시트!$B$3:$N$196,9,FALSE),"") | AL53: =IFERROR(VLOOKUP(#REF!,[1]데이터시트!$B$3:$N$196,9,FALSE),"") | AN53: =IFERROR(VLOOKUP(#REF!,[1]데이터시트!$B$3:$N$196,9,FALSE),"") | AO53: =IFERROR(VLOOKUP(#REF!,[1]데이터시트!$B$3:$N$196,9,FALSE),"") | AP53: =IFERROR(VLOOKUP(#REF!,[1]데이터시트!$B$3:$N$196,9,FALSE),"") | AQ53: =IFERROR(VLOOKUP(AT14,[1]데이터시트!$B$3:$N$196,9,FALSE),"") | AS53: =IFERROR(VLOOKUP(AU14,[1]데이터시트!$B$3:$N$196,9,FALSE),"") | AT53: =IFERROR(VLOOKUP(AV14,[1]데이터시트!$B$3:$N$196,9,FALSE),"") | AU53: =IFERROR(VLOOKUP(AX14,[1]데이터시트!$B$3:$N$196,9,FALSE),"") | AV53: =IFERROR(VLOOKUP(AY14,[1]데이터시트!$B$3:$N$196,9,FALSE),"") | AX53: =IFERROR(VLOOKUP(AZ14,[1]데이터시트!$B$3:$N$196,9,FALSE),"") | AY53: =IFERROR(VLOOKUP(BA14,[1]데이터시트!$B$3:$N$196,9,FALSE),"") | AZ53: =IFERROR(VLOOKUP(BC14,[1]데이터시트!$B$3:$N$196,9,FALSE),"") | BA53: =IFERROR(VLOOKUP(BD14,[1]데이터시트!$B$3:$N$196,9,FALSE),"") | BC53: =IFERROR(VLOOKUP(BE14,[1]데이터시트!$B$3:$N$196,9,FALSE),"") | BD53: =IFERROR(VLOOKUP(BF14,[1]데이터시트!$B$3:$N$196,9,FALSE),"") | BE53: =IFERROR(VLOOKUP(BH14,[1]데이터시트!$B$3:$N$196,9,FALSE),"")
F54: =IFERROR(VLOOKUP(F18,[1]데이터시트!$B$3:$N$196,9,FALSE),"") -> 정보ㆍ통신 | G54: =IFERROR(VLOOKUP(G18,[1]데이터시트!$B$3:$N$196,9,FALSE),"") | H54: =IFERROR(VLOOKUP(H18,[1]데이터시트!$B$3:$N$196,9,FALSE),"") | J54: =IFERROR(VLOOKUP(J15,[1]데이터시트!$B$3:$N$196,9,FALSE),"") | K54: =IFERROR(VLOOKUP(K10,[1]데이터시트!$B$3:$N$196,9,FALSE),"") -> 정보ㆍ통신 | L54: =IFERROR(VLOOKUP(L10,[1]데이터시트!$B$3:$N$196,9,FALSE),"") | M54: =IFERROR(VLOOKUP(M10,[1]데이터시트!$B$3:$N$196,9,FALSE),"") | O54: =IFERROR(VLOOKUP(O10,[1]데이터시트!$B$3:$N$196,9,FALSE),"") | P54: =IFERROR(VLOOKUP(P10,[1]데이터시트!$B$3:$N$196,9,FALSE),"") -> 정보ㆍ통신 | Q54: =IFERROR(VLOOKUP(Q10,[1]데이터시트!$B$3:$N$196,9,FALSE),"") | R54: =IFERROR(VLOOKUP(R10,[1]데이터시트!$B$3:$N$196,9,FALSE),"") | T54: =IFERROR(VLOOKUP(T10,[1]데이터시트!$B$3:$N$196,9,FALSE),"") | U54: =IFERROR(VLOOKUP(U30,[1]데이터시트!$B$3:$N$196,9,FALSE),"") -> 정보ㆍ통신 | V54: =IFERROR(VLOOKUP(V30,[1]데이터시트!$B$3:$N$196,9,FALSE),"") | W54: =IFERROR(VLOOKUP(W30,[1]데이터시트!$B$3:$N$196,9,FALSE),"") | Y54: =IFERROR(VLOOKUP(Y30,[1]데이터시트!$B$3:$N$196,9,FALSE),"") | Z54: =IFERROR(VLOOKUP(AB15,[1]데이터시트!$B$3:$N$196,9,FALSE),"") | AA54: =IFERROR(VLOOKUP(AD15,[1]데이터시트!$B$3:$N$196,9,FALSE),"") | AB54: =IFERROR(VLOOKUP(AE15,[1]데이터시트!$B$3:$N$196,9,FALSE),"") | AD54: =IFERROR(VLOOKUP(AF15,[1]데이터시트!$B$3:$N$196,9,FALSE),"") | AE54: =IFERROR(VLOOKUP(AG15,[1]데이터시트!$B$3:$N$196,9,FALSE),"") | AF54: =IFERROR(VLOOKUP(AI15,[1]데이터시트!$B$3:$N$196,9,FALSE),"") | AG54: =IFERROR(VLOOKUP(AJ15,[1]데이터시트!$B$3:$N$196,9,FALSE),"") -> 바이오ㆍ의료ㆍ생명 | AI54: =IFERROR(VLOOKUP(AK15,[1]데이터시트!$B$3:$N$196,9,FALSE),"") | AJ54: =IFERROR(VLOOKUP(AL15,[1]데이터시트!$B$3:$N$196,9,FALSE),"") | AK54: =IFERROR(VLOOKUP(AN15,[1]데이터시트!$B$3:$N$196,9,FALSE),"") | AL54: =IFERROR(VLOOKUP(AO14,[1]데이터시트!$B$3:$N$196,9,FALSE),"") -> 바이오ㆍ의료ㆍ생명 | AN54: =IFERROR(VLOOKUP(AP14,[1]데이터시트!$B$3:$N$196,9,FALSE),"") | AO54: =IFERROR(VLOOKUP(AQ14,[1]데이터시트!$B$3:$N$196,9,FALSE),"") | AP54: =IFERROR(VLOOKUP(AS14,[1]데이터시트!$B$3:$N$196,9,FALSE),"") | AQ54: =IFERROR(VLOOKUP(AT15,[1]데이터시트!$B$3:$N$196,9,FALSE),"") | AS54: =IFERROR(VLOOKUP(AU15,[1]데이터시트!$B$3:$N$196,9,FALSE),"") | AT54: =IFERROR(VLOOKUP(AV15,[1]데이터시트!$B$3:$N$196,9,FALSE),"") | AU54: =IFERROR(VLOOKUP(AX15,[1]데이터시트!$B$3:$N$196,9,FALSE),"") | AV54: =IFERROR(VLOOKUP(AY15,[1]데이터시트!$B$3:$N$196,9,FALSE),"") | AX54: =IFERROR(VLOOKUP(AZ15,[1]데이터시트!$B$3:$N$196,9,FALSE),"") | AY54: =IFERROR(VLOOKUP(BA15,[1]데이터시트!$B$3:$N$196,9,FALSE),"") | AZ54: =IFERROR(VLOOKUP(BC15,[1]데이터시트!$B$3:$N$196,9,FALSE),"") | BA54: =IFERROR(VLOOKUP(BD15,[1]데이터시트!$B$3:$N$196,9,FALSE),"") | BC54: =IFERROR(VLOOKUP(BE15,[1]데이터시트!$B$3:$N$196,9,FALSE),"") | BD54: =IFERROR(VLOOKUP(BF15,[1]데이터시트!$B$3:$N$196,9,FALSE),"") | BE54: =IFERROR(VLOOKUP(BH15,[1]데이터시트!$B$3:$N$196,9,FALSE),"")
F55: =IFERROR(VLOOKUP(F19,[1]데이터시트!$B$3:$N$196,9,FALSE),"") -> 정보ㆍ통신 | G55: =IFERROR(VLOOKUP(G19,[1]데이터시트!$B$3:$N$196,9,FALSE),"") | H55: =IFERROR(VLOOKUP(H19,[1]데이터시트!$B$3:$N$196,9,FALSE),"") | J55: =IFERROR(VLOOKUP(J16,[1]데이터시트!$B$3:$N$196,9,FALSE),"") | K55: =IFERROR(VLOOKUP(K8,[1]데이터시트!$B$3:$N$196,9,FALSE),"") -> 정보ㆍ통신 | L55: =IFERROR(VLOOKUP(L8,[1]데이터시트!$B$3:$N$196,9,FALSE),"") | M55: =IFERROR(VLOOKUP(M8,[1]데이터시트!$B$3:$N$196,9,FALSE),"") | O55: =IFERROR(VLOOKUP(O8,[1]데이터시트!$B$3:$N$196,9,FALSE),"") | P55: =IFERROR(VLOOKUP(P11,[1]데이터시트!$B$3:$N$196,9,FALSE),"") -> 정보ㆍ통신 | Q55: =IFERROR(VLOOKUP(Q11,[1]데이터시트!$B$3:$N$196,9,FALSE),"") | R55: =IFERROR(VLOOKUP(R11,[1]데이터시트!$B$3:$N$196,9,FALSE),"") | T55: =IFERROR(VLOOKUP(T11,[1]데이터시트!$B$3:$N$196,9,FALSE),"") | U55: =IFERROR(VLOOKUP(U17,[1]데이터시트!$B$3:$N$196,9,FALSE),"") -> 정보ㆍ통신 | V55: =IFERROR(VLOOKUP(V17,[1]데이터시트!$B$3:$N$196,9,FALSE),"") | W55: =IFERROR(VLOOKUP(W17,[1]데이터시트!$B$3:$N$196,9,FALSE),"") | Y55: =IFERROR(VLOOKUP(Y17,[1]데이터시트!$B$3:$N$196,9,FALSE),"") | Z55: =IFERROR(VLOOKUP(AB16,[1]데이터시트!$B$3:$N$196,9,FALSE),"") | AA55: =IFERROR(VLOOKUP(AD16,[1]데이터시트!$B$3:$N$196,9,FALSE),"") | AB55: =IFERROR(VLOOKUP(AE16,[1]데이터시트!$B$3:$N$196,9,FALSE),"") | AD55: =IFERROR(VLOOKUP(AF16,[1]데이터시트!$B$3:$N$196,9,FALSE),"") | AE55: =IFERROR(VLOOKUP(AG16,[1]데이터시트!$B$3:$N$196,9,FALSE),"") | AF55: =IFERROR(VLOOKUP(AI16,[1]데이터시트!$B$3:$N$196,9,FALSE),"") | AG55: =IFERROR(VLOOKUP(AJ16,[1]데이터시트!$B$3:$N$196,9,FALSE),"") -> 바이오ㆍ의료ㆍ생명 | AI55: =IFERROR(VLOOKUP(AK16,[1]데이터시트!$B$3:$N$196,9,FALSE),"") | AJ55: =IFERROR(VLOOKUP(AL16,[1]데이터시트!$B$3:$N$196,9,FALSE),"") | AK55: =IFERROR(VLOOKUP(AN16,[1]데이터시트!$B$3:$N$196,9,FALSE),"") | AL55: =IFERROR(VLOOKUP(AO15,[1]데이터시트!$B$3:$N$196,9,FALSE),"") -> 바이오ㆍ의료ㆍ생명 | AN55: =IFERROR(VLOOKUP(AP15,[1]데이터시트!$B$3:$N$196,9,FALSE),"") | AO55: =IFERROR(VLOOKUP(AQ15,[1]데이터시트!$B$3:$N$196,9,FALSE),"") | AP55: =IFERROR(VLOOKUP(AS15,[1]데이터시트!$B$3:$N$196,9,FALSE),"") | AQ55: =IFERROR(VLOOKUP(AT16,[1]데이터시트!$B$3:$N$196,9,FALSE),"") | AS55: =IFERROR(VLOOKUP(AU16,[1]데이터시트!$B$3:$N$196,9,FALSE),"") | AT55: =IFERROR(VLOOKUP(AV16,[1]데이터시트!$B$3:$N$196,9,FALSE),"") | AU55: =IFERROR(VLOOKUP(AX16,[1]데이터시트!$B$3:$N$196,9,FALSE),"") | AV55: =IFERROR(VLOOKUP(AY16,[1]데이터시트!$B$3:$N$196,9,FALSE),"") | AX55: =IFERROR(VLOOKUP(AZ16,[1]데이터시트!$B$3:$N$196,9,FALSE),"") | AY55: =IFERROR(VLOOKUP(BA16,[1]데이터시트!$B$3:$N$196,9,FALSE),"") | AZ55: =IFERROR(VLOOKUP(BC16,[1]데이터시트!$B$3:$N$196,9,FALSE),"") | BA55: =IFERROR(VLOOKUP(BD16,[1]데이터시트!$B$3:$N$196,9,FALSE),"") | BC55: =IFERROR(VLOOKUP(BE16,[1]데이터시트!$B$3:$N$196,9,FALSE),"") | BD55: =IFERROR(VLOOKUP(BF16,[1]데이터시트!$B$3:$N$196,9,FALSE),"") | BE55: =IFERROR(VLOOKUP(BH16,[1]데이터시트!$B$3:$N$196,9,FALSE),"")
F56: =IFERROR(VLOOKUP(F20,[1]데이터시트!$B$3:$N$196,9,FALSE),"") -> 정보ㆍ통신 | G56: =IFERROR(VLOOKUP(G20,[1]데이터시트!$B$3:$N$196,9,FALSE),"") | H56: =IFERROR(VLOOKUP(H20,[1]데이터시트!$B$3:$N$196,9,FALSE),"") | J56: =IFERROR(VLOOKUP(J17,[1]데이터시트!$B$3:$N$196,9,FALSE),"") | K56: =IFERROR(VLOOKUP(K16,[1]데이터시트!$B$3:$N$196,9,FALSE),"") -> 정보ㆍ통신 | L56: =IFERROR(VLOOKUP(L16,[1]데이터시트!$B$3:$N$196,9,FALSE),"") | M56: =IFERROR(VLOOKUP(M16,[1]데이터시트!$B$3:$N$196,9,FALSE),"") | O56: =IFERROR(VLOOKUP(O16,[1]데이터시트!$B$3:$N$196,9,FALSE),"") | P56: =IFERROR(VLOOKUP(P17,[1]데이터시트!$B$3:$N$196,9,FALSE),"") -> 정보ㆍ통신 | Q56: =IFERROR(VLOOKUP(Q17,[1]데이터시트!$B$3:$N$196,9,FALSE),"") | R56: =IFERROR(VLOOKUP(R17,[1]데이터시트!$B$3:$N$196,9,FALSE),"") | T56: =IFERROR(VLOOKUP(T17,[1]데이터시트!$B$3:$N$196,9,FALSE),"") | U56: =IFERROR(VLOOKUP(U29,[1]데이터시트!$B$3:$N$196,9,FALSE),"") -> 정보ㆍ통신 | V56: =IFERROR(VLOOKUP(V29,[1]데이터시트!$B$3:$N$196,9,FALSE),"") | W56: =IFERROR(VLOOKUP(W29,[1]데이터시트!$B$3:$N$196,9,FALSE),"") | Y56: =IFERROR(VLOOKUP(Y29,[1]데이터시트!$B$3:$N$196,9,FALSE),"") | Z56: =IFERROR(VLOOKUP(AB17,[1]데이터시트!$B$3:$N$196,9,FALSE),"") | AA56: =IFERROR(VLOOKUP(AD17,[1]데이터시트!$B$3:$N$196,9,FALSE),"") | AB56: =IFERROR(VLOOKUP(AE17,[1]데이터시트!$B$3:$N$196,9,FALSE),"") | AD56: =IFERROR(VLOOKUP(AF17,[1]데이터시트!$B$3:$N$196,9,FALSE),"") | AE56: =IFERROR(VLOOKUP(AG17,[1]데이터시트!$B$3:$N$196,9,FALSE),"") | AF56: =IFERROR(VLOOKUP(AI17,[1]데이터시트!$B$3:$N$196,9,FALSE),"") | AG56: =IFERROR(VLOOKUP(AJ17,[1]데이터시트!$B$3:$N$196,9,FALSE),"") -> 바이오ㆍ의료ㆍ생명 | AI56: =IFERROR(VLOOKUP(AK17,[1]데이터시트!$B$3:$N$196,9,FALSE),"") | AJ56: =IFERROR(VLOOKUP(AL17,[1]데이터시트!$B$3:$N$196,9,FALSE),"") | AK56: =IFERROR(VLOOKUP(AN17,[1]데이터시트!$B$3:$N$196,9,FALSE),"") | AL56: =IFERROR(VLOOKUP(AO11,[1]데이터시트!$B$3:$N$196,9,FALSE),"") -> 바이오ㆍ의료ㆍ생명 | AN56: =IFERROR(VLOOKUP(AP11,[1]데이터시트!$B$3:$N$196,9,FALSE),"") | AO56: =IFERROR(VLOOKUP(AQ11,[1]데이터시트!$B$3:$N$196,9,FALSE),"") | AP56: =IFERROR(VLOOKUP(AS11,[1]데이터시트!$B$3:$N$196,9,FALSE),"") | AQ56: =IFERROR(VLOOKUP(AT17,[1]데이터시트!$B$3:$N$196,9,FALSE),"") | AS56: =IFERROR(VLOOKUP(AU17,[1]데이터시트!$B$3:$N$196,9,FALSE),"") | AT56: =IFERROR(VLOOKUP(AV17,[1]데이터시트!$B$3:$N$196,9,FALSE),"") | AU56: =IFERROR(VLOOKUP(AX17,[1]데이터시트!$B$3:$N$196,9,FALSE),"") | AV56: =IFERROR(VLOOKUP(AY17,[1]데이터시트!$B$3:$N$196,9,FALSE),"") | AX56: =IFERROR(VLOOKUP(AZ17,[1]데이터시트!$B$3:$N$196,9,FALSE),"") | AY56: =IFERROR(VLOOKUP(BA17,[1]데이터시트!$B$3:$N$196,9,FALSE),"") | AZ56: =IFERROR(VLOOKUP(BC17,[1]데이터시트!$B$3:$N$196,9,FALSE),"") | BA56: =IFERROR(VLOOKUP(BD17,[1]데이터시트!$B$3:$N$196,9,FALSE),"") | BC56: =IFERROR(VLOOKUP(BE17,[1]데이터시트!$B$3:$N$196,9,FALSE),"") | BD56: =IFERROR(VLOOKUP(BF17,[1]데이터시트!$B$3:$N$196,9,FALSE),"") | BE56: =IFERROR(VLOOKUP(BH17,[1]데이터시트!$B$3:$N$196,9,FALSE),"")
F57: =IFERROR(VLOOKUP(F16,[1]데이터시트!$B$3:$N$196,9,FALSE),"") -> 정보ㆍ통신 | G57: =IFERROR(VLOOKUP(G16,[1]데이터시트!$B$3:$N$196,9,FALSE),"") | H57: =IFERROR(VLOOKUP(H16,[1]데이터시트!$B$3:$N$196,9,FALSE),"") | J57: =IFERROR(VLOOKUP(J18,[1]데이터시트!$B$3:$N$196,9,FALSE),"") | K57: =IFERROR(VLOOKUP(K17,[1]데이터시트!$B$3:$N$196,9,FALSE),"") -> 정보ㆍ통신 | L57: =IFERROR(VLOOKUP(L17,[1]데이터시트!$B$3:$N$196,9,FALSE),"") | M57: =IFERROR(VLOOKUP(M17,[1]데이터시트!$B$3:$N$196,9,FALSE),"") | O57: =IFERROR(VLOOKUP(O17,[1]데이터시트!$B$3:$N$196,9,FALSE),"") | P57: =IFERROR(VLOOKUP(P18,[1]데이터시트!$B$3:$N$196,9,FALSE),"") -> 정보ㆍ통신 | Q57: =IFERROR(VLOOKUP(Q18,[1]데이터시트!$B$3:$N$196,9,FALSE),"") | R57: =IFERROR(VLOOKUP(R18,[1]데이터시트!$B$3:$N$196,9,FALSE),"") | T57: =IFERROR(VLOOKUP(T18,[1]데이터시트!$B$3:$N$196,9,FALSE),"") | U57: =IFERROR(VLOOKUP(U11,[1]데이터시트!$B$3:$N$196,9,FALSE),"") -> 정보ㆍ통신 | V57: =IFERROR(VLOOKUP(V11,[1]데이터시트!$B$3:$N$196,9,FALSE),"") | W57: =IFERROR(VLOOKUP(W11,[1]데이터시트!$B$3:$N$196,9,FALSE),"") | Y57: =IFERROR(VLOOKUP(Y11,[1]데이터시트!$B$3:$N$196,9,FALSE),"") | Z57: =IFERROR(VLOOKUP(AB18,[1]데이터시트!$B$3:$N$196,9,FALSE),"") | AA57: =IFERROR(VLOOKUP(AD18,[1]데이터시트!$B$3:$N$196,9,FALSE),"") | AB57: =IFERROR(VLOOKUP(AE18,[1]데이터시트!$B$3:$N$196,9,FALSE),"") | AD57: =IFERROR(VLOOKUP(AF18,[1]데이터시트!$B$3:$N$196,9,FALSE),"") | AE57: =IFERROR(VLOOKUP(AG18,[1]데이터시트!$B$3:$N$196,9,FALSE),"") | AF57: =IFERROR(VLOOKUP(AI18,[1]데이터시트!$B$3:$N$196,9,FALSE),"") | AG57: =IFERROR(VLOOKUP(AJ8,[1]데이터시트!$B$3:$N$196,9,FALSE),"") -> 바이오ㆍ의료ㆍ생명 | AI57: =IFERROR(VLOOKUP(AK8,[1]데이터시트!$B$3:$N$196,9,FALSE),"") | AJ57: =IFERROR(VLOOKUP(AL8,[1]데이터시트!$B$3:$N$196,9,FALSE),"") | AK57: =IFERROR(VLOOKUP(AN8,[1]데이터시트!$B$3:$N$196,9,FALSE),"") | AL57: =IFERROR(VLOOKUP(AO18,[1]데이터시트!$B$3:$N$196,9,FALSE),"") -> 바이오ㆍ의료ㆍ생명 | AN57: =IFERROR(VLOOKUP(AP18,[1]데이터시트!$B$3:$N$196,9,FALSE),"") | AO57: =IFERROR(VLOOKUP(AQ18,[1]데이터시트!$B$3:$N$196,9,FALSE),"") | AP57: =IFERROR(VLOOKUP(AS18,[1]데이터시트!$B$3:$N$196,9,FALSE),"") | AQ57: =IFERROR(VLOOKUP(AT18,[1]데이터시트!$B$3:$N$196,9,FALSE),"") | AS57: =IFERROR(VLOOKUP(AU18,[1]데이터시트!$B$3:$N$196,9,FALSE),"") | AT57: =IFERROR(VLOOKUP(AV18,[1]데이터시트!$B$3:$N$196,9,FALSE),"") | AU57: =IFERROR(VLOOKUP(AX18,[1]데이터시트!$B$3:$N$196,9,FALSE),"") | AV57: =IFERROR(VLOOKUP(AY18,[1]데이터시트!$B$3:$N$196,9,FALSE),"") | AX57: =IFERROR(VLOOKUP(AZ18,[1]데이터시트!$B$3:$N$196,9,FALSE),"") | AY57: =IFERROR(VLOOKUP(BA18,[1]데이터시트!$B$3:$N$196,9,FALSE),"") | AZ57: =IFERROR(VLOOKUP(BC18,[1]데이터시트!$B$3:$N$196,9,FALSE),"") | BA57: =IFERROR(VLOOKUP(BD18,[1]데이터시트!$B$3:$N$196,9,FALSE),"") | BC57: =IFERROR(VLOOKUP(BE18,[1]데이터시트!$B$3:$N$196,9,FALSE),"") | BD57: =IFERROR(VLOOKUP(BF18,[1]데이터시트!$B$3:$N$196,9,FALSE),"") | BE57: =IFERROR(VLOOKUP(BH18,[1]데이터시트!$B$3:$N$196,9,FALSE),"")
F58: =IFERROR(VLOOKUP(F14,[1]데이터시트!$B$3:$N$196,9,FALSE),"") -> 정보ㆍ통신 | G58: =IFERROR(VLOOKUP(G14,[1]데이터시트!$B$3:$N$196,9,FALSE),"") | H58: =IFERROR(VLOOKUP(H14,[1]데이터시트!$B$3:$N$196,9,FALSE),"") | J58: =IFERROR(VLOOKUP(J19,[1]데이터시트!$B$3:$N$196,9,FALSE),"") | K58: =IFERROR(VLOOKUP(K9,[1]데이터시트!$B$3:$N$196,9,FALSE),"") -> 정보ㆍ통신 | L58: =IFERROR(VLOOKUP(L9,[1]데이터시트!$B$3:$N$196,9,FALSE),"") | M58: =IFERROR(VLOOKUP(M9,[1]데이터시트!$B$3:$N$196,9,FALSE),"") | O58: =IFERROR(VLOOKUP(O9,[1]데이터시트!$B$3:$N$196,9,FALSE),"") | P58: =IFERROR(VLOOKUP(P19,[1]데이터시트!$B$3:$N$196,9,FALSE),"") -> 정보ㆍ통신 | Q58: =IFERROR(VLOOKUP(Q19,[1]데이터시트!$B$3:$N$196,9,FALSE),"") | R58: =IFERROR(VLOOKUP(R19,[1]데이터시트!$B$3:$N$196,9,FALSE),"") | T58: =IFERROR(VLOOKUP(T19,[1]데이터시트!$B$3:$N$196,9,FALSE),"") | U58: =IFERROR(VLOOKUP(U19,[1]데이터시트!$B$3:$N$196,9,FALSE),"") | V58: =IFERROR(VLOOKUP(V19,[1]데이터시트!$B$3:$N$196,9,FALSE),"") | W58: =IFERROR(VLOOKUP(W19,[1]데이터시트!$B$3:$N$196,9,FALSE),"") | Y58: =IFERROR(VLOOKUP(Y19,[1]데이터시트!$B$3:$N$196,9,FALSE),"") | Z58: =IFERROR(VLOOKUP(AB19,[1]데이터시트!$B$3:$N$196,9,FALSE),"") | AA58: =IFERROR(VLOOKUP(AD19,[1]데이터시트!$B$3:$N$196,9,FALSE),"") | AB58: =IFERROR(VLOOKUP(AE19,[1]데이터시트!$B$3:$N$196,9,FALSE),"") | AD58: =IFERROR(VLOOKUP(AF19,[1]데이터시트!$B$3:$N$196,9,FALSE),"") | AE58: =IFERROR(VLOOKUP(AG19,[1]데이터시트!$B$3:$N$196,9,FALSE),"") | AF58: =IFERROR(VLOOKUP(AI19,[1]데이터시트!$B$3:$N$196,9,FALSE),"") | AG58: =IFERROR(VLOOKUP(AJ9,[1]데이터시트!$B$3:$N$196,9,FALSE),"") -> 바이오ㆍ의료ㆍ생명 | AI58: =IFERROR(VLOOKUP(AK9,[1]데이터시트!$B$3:$N$196,9,FALSE),"") | AJ58: =IFERROR(VLOOKUP(AL9,[1]데이터시트!$B$3:$N$196,9,FALSE),"") | AK58: =IFERROR(VLOOKUP(AN9,[1]데이터시트!$B$3:$N$196,9,FALSE),"") | AL58: =IFERROR(VLOOKUP(#REF!,[1]데이터시트!$B$3:$N$196,9,FALSE),"") | AN58: =IFERROR(VLOOKUP(#REF!,[1]데이터시트!$B$3:$N$196,9,FALSE),"") | AO58: =IFERROR(VLOOKUP(#REF!,[1]데이터시트!$B$3:$N$196,9,FALSE),"") | AP58: =IFERROR(VLOOKUP(#REF!,[1]데이터시트!$B$3:$N$196,9,FALSE),"") | AQ58: =IFERROR(VLOOKUP(AT19,[1]데이터시트!$B$3:$N$196,9,FALSE),"") | AS58: =IFERROR(VLOOKUP(AU19,[1]데이터시트!$B$3:$N$196,9,FALSE),"") | AT58: =IFERROR(VLOOKUP(AV19,[1]데이터시트!$B$3:$N$196,9,FALSE),"") | AU58: =IFERROR(VLOOKUP(AX19,[1]데이터시트!$B$3:$N$196,9,FALSE),"") | AV58: =IFERROR(VLOOKUP(AY19,[1]데이터시트!$B$3:$N$196,9,FALSE),"") | AX58: =IFERROR(VLOOKUP(AZ19,[1]데이터시트!$B$3:$N$196,9,FALSE),"") | AY58: =IFERROR(VLOOKUP(BA19,[1]데이터시트!$B$3:$N$196,9,FALSE),"") | AZ58: =IFERROR(VLOOKUP(BC19,[1]데이터시트!$B$3:$N$196,9,FALSE),"") | BA58: =IFERROR(VLOOKUP(BD19,[1]데이터시트!$B$3:$N$196,9,FALSE),"") | BC58: =IFERROR(VLOOKUP(BE19,[1]데이터시트!$B$3:$N$196,9,FALSE),"") | BD58: =IFERROR(VLOOKUP(BF19,[1]데이터시트!$B$3:$N$196,9,FALSE),"") | BE58: =IFERROR(VLOOKUP(BH19,[1]데이터시트!$B$3:$N$196,9,FALSE),"")
F59: =IFERROR(VLOOKUP(F15,[1]데이터시트!$B$3:$N$196,9,FALSE),"") -> 정보ㆍ통신 | G59: =IFERROR(VLOOKUP(G15,[1]데이터시트!$B$3:$N$196,9,FALSE),"") | H59: =IFERROR(VLOOKUP(H15,[1]데이터시트!$B$3:$N$196,9,FALSE),"") | J59: =IFERROR(VLOOKUP(J20,[1]데이터시트!$B$3:$N$196,9,FALSE),"") | K59: =IFERROR(VLOOKUP(P36,[1]데이터시트!$B$3:$N$196,9,FALSE),"") -> 정보ㆍ통신 | L59: =IFERROR(VLOOKUP(Q36,[1]데이터시트!$B$3:$N$196,9,FALSE),"") | M59: =IFERROR(VLOOKUP(R36,[1]데이터시트!$B$3:$N$196,9,FALSE),"") | O59: =IFERROR(VLOOKUP(T36,[1]데이터시트!$B$3:$N$196,9,FALSE),"") | P59: =IFERROR(VLOOKUP(P20,[1]데이터시트!$B$3:$N$196,9,FALSE),"") -> 정보ㆍ통신 | Q59: =IFERROR(VLOOKUP(Q20,[1]데이터시트!$B$3:$N$196,9,FALSE),"") | R59: =IFERROR(VLOOKUP(R20,[1]데이터시트!$B$3:$N$196,9,FALSE),"") | T59: =IFERROR(VLOOKUP(T20,[1]데이터시트!$B$3:$N$196,9,FALSE),"") | U59: =IFERROR(VLOOKUP(U20,[1]데이터시트!$B$3:$N$196,9,FALSE),"") | V59: =IFERROR(VLOOKUP(V20,[1]데이터시트!$B$3:$N$196,9,FALSE),"") | W59: =IFERROR(VLOOKUP(W20,[1]데이터시트!$B$3:$N$196,9,FALSE),"") | Y59: =IFERROR(VLOOKUP(Y20,[1]데이터시트!$B$3:$N$196,9,FALSE),"") | Z59: =IFERROR(VLOOKUP(AB20,[1]데이터시트!$B$3:$N$196,9,FALSE),"") | AA59: =IFERROR(VLOOKUP(AD20,[1]데이터시트!$B$3:$N$196,9,FALSE),"") | AB59: =IFERROR(VLOOKUP(AE20,[1]데이터시트!$B$3:$N$196,9,FALSE),"") | AD59: =IFERROR(VLOOKUP(AF20,[1]데이터시트!$B$3:$N$196,9,FALSE),"") | AE59: =IFERROR(VLOOKUP(AG20,[1]데이터시트!$B$3:$N$196,9,FALSE),"") | AF59: =IFERROR(VLOOKUP(AI20,[1]데이터시트!$B$3:$N$196,9,FALSE),"") | AG59: =IFERROR(VLOOKUP(AJ10,[1]데이터시트!$B$3:$N$196,9,FALSE),"") -> 바이오ㆍ의료ㆍ생명 | AI59: =IFERROR(VLOOKUP(AK10,[1]데이터시트!$B$3:$N$196,9,FALSE),"") | AJ59: =IFERROR(VLOOKUP(AL10,[1]데이터시트!$B$3:$N$196,9,FALSE),"") | AK59: =IFERROR(VLOOKUP(AN10,[1]데이터시트!$B$3:$N$196,9,FALSE),"") | AL59: =IFERROR(VLOOKUP(#REF!,[1]데이터시트!$B$3:$N$196,9,FALSE),"") | AN59: =IFERROR(VLOOKUP(#REF!,[1]데이터시트!$B$3:$N$196,9,FALSE),"") | AO59: =IFERROR(VLOOKUP(#REF!,[1]데이터시트!$B$3:$N$196,9,FALSE),"") | AP59: =IFERROR(VLOOKUP(#REF!,[1]데이터시트!$B$3:$N$196,9,FALSE),"") | AQ59: =IFERROR(VLOOKUP(AT20,[1]데이터시트!$B$3:$N$196,9,FALSE),"") | AS59: =IFERROR(VLOOKUP(AU20,[1]데이터시트!$B$3:$N$196,9,FALSE),"") | AT59: =IFERROR(VLOOKUP(AV20,[1]데이터시트!$B$3:$N$196,9,FALSE),"") | AU59: =IFERROR(VLOOKUP(AX20,[1]데이터시트!$B$3:$N$196,9,FALSE),"") | AV59: =IFERROR(VLOOKUP(AY20,[1]데이터시트!$B$3:$N$196,9,FALSE),"") | AX59: =IFERROR(VLOOKUP(AZ20,[1]데이터시트!$B$3:$N$196,9,FALSE),"") | AY59: =IFERROR(VLOOKUP(BA20,[1]데이터시트!$B$3:$N$196,9,FALSE),"") | AZ59: =IFERROR(VLOOKUP(BC20,[1]데이터시트!$B$3:$N$196,9,FALSE),"") | BA59: =IFERROR(VLOOKUP(BD20,[1]데이터시트!$B$3:$N$196,9,FALSE),"") | BC59: =IFERROR(VLOOKUP(BE20,[1]데이터시트!$B$3:$N$196,9,FALSE),"") | BD59: =IFERROR(VLOOKUP(BF20,[1]데이터시트!$B$3:$N$196,9,FALSE),"") | BE59: =IFERROR(VLOOKUP(BH20,[1]데이터시트!$B$3:$N$196,9,FALSE),"")
F60: =IFERROR(VLOOKUP(F21,[1]데이터시트!$B$3:$N$196,9,FALSE),"") | G60: =IFERROR(VLOOKUP(G21,[1]데이터시트!$B$3:$N$196,9,FALSE),"") | H60: =IFERROR(VLOOKUP(H21,[1]데이터시트!$B$3:$N$196,9,FALSE),"") | J60: =IFERROR(VLOOKUP(J21,[1]데이터시트!$B$3:$N$196,9,FALSE),"") | K60: =IFERROR(VLOOKUP(#REF!,[1]데이터시트!$B$3:$N$196,9,FALSE),"") | L60: =IFERROR(VLOOKUP(#REF!,[1]데이터시트!$B$3:$N$196,9,FALSE),"") | M60: =IFERROR(VLOOKUP(#REF!,[1]데이터시트!$B$3:$N$196,9,FALSE),"") | O60: =IFERROR(VLOOKUP(#REF!,[1]데이터시트!$B$3:$N$196,9,FALSE),"") | P60: =IFERROR(VLOOKUP(P21,[1]데이터시트!$B$3:$N$196,9,FALSE),"") | Q60: =IFERROR(VLOOKUP(Q21,[1]데이터시트!$B$3:$N$196,9,FALSE),"") | R60: =IFERROR(VLOOKUP(R21,[1]데이터시트!$B$3:$N$196,9,FALSE),"") | T60: =IFERROR(VLOOKUP(T21,[1]데이터시트!$B$3:$N$196,9,FALSE),"") | U60: =IFERROR(VLOOKUP(U21,[1]데이터시트!$B$3:$N$196,9,FALSE),"") | V60: =IFERROR(VLOOKUP(V21,[1]데이터시트!$B$3:$N$196,9,FALSE),"") | W60: =IFERROR(VLOOKUP(W21,[1]데이터시트!$B$3:$N$196,9,FALSE),"") | Y60: =IFERROR(VLOOKUP(Y21,[1]데이터시트!$B$3:$N$196,9,FALSE),"") | Z60: =IFERROR(VLOOKUP(AB21,[1]데이터시트!$B$3:$N$196,9,FALSE),"") | AA60: =IFERROR(VLOOKUP(AD21,[1]데이터시트!$B$3:$N$196,9,FALSE),"") | AB60: =IFERROR(VLOOKUP(AE21,[1]데이터시트!$B$3:$N$196,9,FALSE),"") | AD60: =IFERROR(VLOOKUP(AF21,[1]데이터시트!$B$3:$N$196,9,FALSE),"") | AE60: =IFERROR(VLOOKUP(AG21,[1]데이터시트!$B$3:$N$196,9,FALSE),"") | AF60: =IFERROR(VLOOKUP(AI21,[1]데이터시트!$B$3:$N$196,9,FALSE),"") | AG60: =IFERROR(VLOOKUP(AJ21,[1]데이터시트!$B$3:$N$196,9,FALSE),"") | AI60: =IFERROR(VLOOKUP(AK21,[1]데이터시트!$B$3:$N$196,9,FALSE),"") | AJ60: =IFERROR(VLOOKUP(AL21,[1]데이터시트!$B$3:$N$196,9,FALSE),"") | AK60: =IFERROR(VLOOKUP(AN21,[1]데이터시트!$B$3:$N$196,9,FALSE),"") | AL60: =IFERROR(VLOOKUP(AO21,[1]데이터시트!$B$3:$N$196,9,FALSE),"") | AN60: =IFERROR(VLOOKUP(AP21,[1]데이터시트!$B$3:$N$196,9,FALSE),"") | AO60: =IFERROR(VLOOKUP(AQ21,[1]데이터시트!$B$3:$N$196,9,FALSE),"") | AP60: =IFERROR(VLOOKUP(AS21,[1]데이터시트!$B$3:$N$196,9,FALSE),"") | AQ60: =IFERROR(VLOOKUP(AT21,[1]데이터시트!$B$3:$N$196,9,FALSE),"") | AS60: =IFERROR(VLOOKUP(AU21,[1]데이터시트!$B$3:$N$196,9,FALSE),"") | AT60: =IFERROR(VLOOKUP(AV21,[1]데이터시트!$B$3:$N$196,9,FALSE),"") | AU60: =IFERROR(VLOOKUP(AX21,[1]데이터시트!$B$3:$N$196,9,FALSE),"") | AV60: =IFERROR(VLOOKUP(AY21,[1]데이터시트!$B$3:$N$196,9,FALSE),"") | AX60: =IFERROR(VLOOKUP(AZ21,[1]데이터시트!$B$3:$N$196,9,FALSE),"") | AY60: =IFERROR(VLOOKUP(BA21,[1]데이터시트!$B$3:$N$196,9,FALSE),"") | AZ60: =IFERROR(VLOOKUP(BC21,[1]데이터시트!$B$3:$N$196,9,FALSE),"") | BA60: =IFERROR(VLOOKUP(BD21,[1]데이터시트!$B$3:$N$196,9,FALSE),"") | BC60: =IFERROR(VLOOKUP(BE21,[1]데이터시트!$B$3:$N$196,9,FALSE),"") | BD60: =IFERROR(VLOOKUP(BF21,[1]데이터시트!$B$3:$N$196,9,FALSE),"") | BE60: =IFERROR(VLOOKUP(BH21,[1]데이터시트!$B$3:$N$196,9,FALSE),"")
F61: =IFERROR(VLOOKUP(F22,[1]데이터시트!$B$3:$N$196,9,FALSE),"") | G61: =IFERROR(VLOOKUP(G22,[1]데이터시트!$B$3:$N$196,9,FALSE),"") | H61: =IFERROR(VLOOKUP(H22,[1]데이터시트!$B$3:$N$196,9,FALSE),"") | J61: =IFERROR(VLOOKUP(J22,[1]데이터시트!$B$3:$N$196,9,FALSE),"") | K61: =IFERROR(VLOOKUP(#REF!,[1]데이터시트!$B$3:$N$196,9,FALSE),"") | L61: =IFERROR(VLOOKUP(#REF!,[1]데이터시트!$B$3:$N$196,9,FALSE),"") | M61: =IFERROR(VLOOKUP(#REF!,[1]데이터시트!$B$3:$N$196,9,FALSE),"") | O61: =IFERROR(VLOOKUP(#REF!,[1]데이터시트!$B$3:$N$196,9,FALSE),"") | P61: =IFERROR(VLOOKUP(P22,[1]데이터시트!$B$3:$N$196,9,FALSE),"") | Q61: =IFERROR(VLOOKUP(Q22,[1]데이터시트!$B$3:$N$196,9,FALSE),"") | R61: =IFERROR(VLOOKUP(R22,[1]데이터시트!$B$3:$N$196,9,FALSE),"") | T61: =IFERROR(VLOOKUP(T22,[1]데이터시트!$B$3:$N$196,9,FALSE),"") | U61: =IFERROR(VLOOKUP(U22,[1]데이터시트!$B$3:$N$196,9,FALSE),"") | V61: =IFERROR(VLOOKUP(V22,[1]데이터시트!$B$3:$N$196,9,FALSE),"") | W61: =IFERROR(VLOOKUP(W22,[1]데이터시트!$B$3:$N$196,9,FALSE),"") | Y61: =IFERROR(VLOOKUP(Y22,[1]데이터시트!$B$3:$N$196,9,FALSE),"") | Z61: =IFERROR(VLOOKUP(AB22,[1]데이터시트!$B$3:$N$196,9,FALSE),"") | AA61: =IFERROR(VLOOKUP(AD22,[1]데이터시트!$B$3:$N$196,9,FALSE),"") | AB61: =IFERROR(VLOOKUP(AE22,[1]데이터시트!$B$3:$N$196,9,FALSE),"") | AD61: =IFERROR(VLOOKUP(AF22,[1]데이터시트!$B$3:$N$196,9,FALSE),"") | AE61: =IFERROR(VLOOKUP(AG22,[1]데이터시트!$B$3:$N$196,9,FALSE),"") | AF61: =IFERROR(VLOOKUP(AI22,[1]데이터시트!$B$3:$N$196,9,FALSE),"") | AG61: =IFERROR(VLOOKUP(AJ22,[1]데이터시트!$B$3:$N$196,9,FALSE),"") | AI61: =IFERROR(VLOOKUP(AK22,[1]데이터시트!$B$3:$N$196,9,FALSE),"") | AJ61: =IFERROR(VLOOKUP(AL22,[1]데이터시트!$B$3:$N$196,9,FALSE),"") | AK61: =IFERROR(VLOOKUP(AN22,[1]데이터시트!$B$3:$N$196,9,FALSE),"") | AL61: =IFERROR(VLOOKUP(AO22,[1]데이터시트!$B$3:$N$196,9,FALSE),"") | AN61: =IFERROR(VLOOKUP(AP22,[1]데이터시트!$B$3:$N$196,9,FALSE),"") | AO61: =IFERROR(VLOOKUP(AQ22,[1]데이터시트!$B$3:$N$196,9,FALSE),"") | AP61: =IFERROR(VLOOKUP(AS22,[1]데이터시트!$B$3:$N$196,9,FALSE),"") | AQ61: =IFERROR(VLOOKUP(AT22,[1]데이터시트!$B$3:$N$196,9,FALSE),"") | AS61: =IFERROR(VLOOKUP(AU22,[1]데이터시트!$B$3:$N$196,9,FALSE),"") | AT61: =IFERROR(VLOOKUP(AV22,[1]데이터시트!$B$3:$N$196,9,FALSE),"") | AU61: =IFERROR(VLOOKUP(AX22,[1]데이터시트!$B$3:$N$196,9,FALSE),"") | AV61: =IFERROR(VLOOKUP(AY22,[1]데이터시트!$B$3:$N$196,9,FALSE),"") | AX61: =IFERROR(VLOOKUP(AZ22,[1]데이터시트!$B$3:$N$196,9,FALSE),"") | AY61: =IFERROR(VLOOKUP(BA22,[1]데이터시트!$B$3:$N$196,9,FALSE),"") | AZ61: =IFERROR(VLOOKUP(BC22,[1]데이터시트!$B$3:$N$196,9,FALSE),"") | BA61: =IFERROR(VLOOKUP(BD22,[1]데이터시트!$B$3:$N$196,9,FALSE),"") | BC61: =IFERROR(VLOOKUP(BE22,[1]데이터시트!$B$3:$N$196,9,FALSE),"") | BD61: =IFERROR(VLOOKUP(BF22,[1]데이터시트!$B$3:$N$196,9,FALSE),"") | BE61: =IFERROR(VLOOKUP(BH22,[1]데이터시트!$B$3:$N$196,9,FALSE),"")
F62: =IFERROR(VLOOKUP(F23,[1]데이터시트!$B$3:$N$196,9,FALSE),"") | G62: =IFERROR(VLOOKUP(G23,[1]데이터시트!$B$3:$N$196,9,FALSE),"") | H62: =IFERROR(VLOOKUP(H23,[1]데이터시트!$B$3:$N$196,9,FALSE),"") | J62: =IFERROR(VLOOKUP(J23,[1]데이터시트!$B$3:$N$196,9,FALSE),"") | K62: =IFERROR(VLOOKUP(#REF!,[1]데이터시트!$B$3:$N$196,9,FALSE),"") | L62: =IFERROR(VLOOKUP(#REF!,[1]데이터시트!$B$3:$N$196,9,FALSE),"") | M62: =IFERROR(VLOOKUP(#REF!,[1]데이터시트!$B$3:$N$196,9,FALSE),"") | O62: =IFERROR(VLOOKUP(#REF!,[1]데이터시트!$B$3:$N$196,9,FALSE),"") | P62: =IFERROR(VLOOKUP(#REF!,[1]데이터시트!$B$3:$N$196,9,FALSE),"") | Q62: =IFERROR(VLOOKUP(#REF!,[1]데이터시트!$B$3:$N$196,9,FALSE),"") | R62: =IFERROR(VLOOKUP(#REF!,[1]데이터시트!$B$3:$N$196,9,FALSE),"") | T62: =IFERROR(VLOOKUP(#REF!,[1]데이터시트!$B$3:$N$196,9,FALSE),"") | U62: =IFERROR(VLOOKUP(#REF!,[1]데이터시트!$B$3:$N$196,9,FALSE),"") | V62: =IFERROR(VLOOKUP(#REF!,[1]데이터시트!$B$3:$N$196,9,FALSE),"") | W62: =IFERROR(VLOOKUP(#REF!,[1]데이터시트!$B$3:$N$196,9,FALSE),"") | Y62: =IFERROR(VLOOKUP(#REF!,[1]데이터시트!$B$3:$N$196,9,FALSE),"") | Z62: =IFERROR(VLOOKUP(AB23,[1]데이터시트!$B$3:$N$196,9,FALSE),"") | AA62: =IFERROR(VLOOKUP(AD23,[1]데이터시트!$B$3:$N$196,9,FALSE),"") | AB62: =IFERROR(VLOOKUP(AE23,[1]데이터시트!$B$3:$N$196,9,FALSE),"") | AD62: =IFERROR(VLOOKUP(AF23,[1]데이터시트!$B$3:$N$196,9,FALSE),"") | AE62: =IFERROR(VLOOKUP(AG23,[1]데이터시트!$B$3:$N$196,9,FALSE),"") | AF62: =IFERROR(VLOOKUP(AI23,[1]데이터시트!$B$3:$N$196,9,FALSE),"") | AG62: =IFERROR(VLOOKUP(#REF!,[1]데이터시트!$B$3:$N$196,9,FALSE),"") | AI62: =IFERROR(VLOOKUP(#REF!,[1]데이터시트!$B$3:$N$196,9,FALSE),"") | AJ62: =IFERROR(VLOOKUP(#REF!,[1]데이터시트!$B$3:$N$196,9,FALSE),"") | AK62: =IFERROR(VLOOKUP(#REF!,[1]데이터시트!$B$3:$N$196,9,FALSE),"") | AL62: =IFERROR(VLOOKUP(#REF!,[1]데이터시트!$B$3:$N$196,9,FALSE),"") | AN62: =IFERROR(VLOOKUP(#REF!,[1]데이터시트!$B$3:$N$196,9,FALSE),"") | AO62: =IFERROR(VLOOKUP(#REF!,[1]데이터시트!$B$3:$N$196,9,FALSE),"") | AP62: =IFERROR(VLOOKUP(#REF!,[1]데이터시트!$B$3:$N$196,9,FALSE),"") | AQ62: =IFERROR(VLOOKUP(AT23,[1]데이터시트!$B$3:$N$196,9,FALSE),"") | AS62: =IFERROR(VLOOKUP(AU23,[1]데이터시트!$B$3:$N$196,9,FALSE),"") | AT62: =IFERROR(VLOOKUP(AV23,[1]데이터시트!$B$3:$N$196,9,FALSE),"") | AU62: =IFERROR(VLOOKUP(AX23,[1]데이터시트!$B$3:$N$196,9,FALSE),"") | AV62: =IFERROR(VLOOKUP(AY23,[1]데이터시트!$B$3:$N$196,9,FALSE),"") | AX62: =IFERROR(VLOOKUP(AZ23,[1]데이터시트!$B$3:$N$196,9,FALSE),"") | AY62: =IFERROR(VLOOKUP(BA23,[1]데이터시트!$B$3:$N$196,9,FALSE),"") | AZ62: =IFERROR(VLOOKUP(BC23,[1]데이터시트!$B$3:$N$196,9,FALSE),"") | BA62: =IFERROR(VLOOKUP(BD23,[1]데이터시트!$B$3:$N$196,9,FALSE),"") | BC62: =IFERROR(VLOOKUP(BE23,[1]데이터시트!$B$3:$N$196,9,FALSE),"") | BD62: =IFERROR(VLOOKUP(BF23,[1]데이터시트!$B$3:$N$196,9,FALSE),"") | BE62: =IFERROR(VLOOKUP(BH23,[1]데이터시트!$B$3:$N$196,9,FALSE),"")
F63: =IFERROR(VLOOKUP(F24,[1]데이터시트!$B$3:$N$196,9,FALSE),"") | G63: =IFERROR(VLOOKUP(G24,[1]데이터시트!$B$3:$N$196,9,FALSE),"") | H63: =IFERROR(VLOOKUP(H24,[1]데이터시트!$B$3:$N$196,9,FALSE),"") | J63: =IFERROR(VLOOKUP(J24,[1]데이터시트!$B$3:$N$196,9,FALSE),"") | K63: =IFERROR(VLOOKUP(#REF!,[1]데이터시트!$B$3:$N$196,9,FALSE),"") | L63: =IFERROR(VLOOKUP(#REF!,[1]데이터시트!$B$3:$N$196,9,FALSE),"") | M63: =IFERROR(VLOOKUP(#REF!,[1]데이터시트!$B$3:$N$196,9,FALSE),"") | O63: =IFERROR(VLOOKUP(#REF!,[1]데이터시트!$B$3:$N$196,9,FALSE),"") | P63: =IFERROR(VLOOKUP(#REF!,[1]데이터시트!$B$3:$N$196,9,FALSE),"") | Q63: =IFERROR(VLOOKUP(#REF!,[1]데이터시트!$B$3:$N$196,9,FALSE),"") | R63: =IFERROR(VLOOKUP(#REF!,[1]데이터시트!$B$3:$N$196,9,FALSE),"") | T63: =IFERROR(VLOOKUP(#REF!,[1]데이터시트!$B$3:$N$196,9,FALSE),"") | U63: =IFERROR(VLOOKUP(U24,[1]데이터시트!$B$3:$N$196,9,FALSE),"") | V63: =IFERROR(VLOOKUP(V24,[1]데이터시트!$B$3:$N$196,9,FALSE),"") | W63: =IFERROR(VLOOKUP(W24,[1]데이터시트!$B$3:$N$196,9,FALSE),"") | Y63: =IFERROR(VLOOKUP(Y24,[1]데이터시트!$B$3:$N$196,9,FALSE),"") | Z63: =IFERROR(VLOOKUP(AB24,[1]데이터시트!$B$3:$N$196,9,FALSE),"") | AA63: =IFERROR(VLOOKUP(AD24,[1]데이터시트!$B$3:$N$196,9,FALSE),"") | AB63: =IFERROR(VLOOKUP(AE24,[1]데이터시트!$B$3:$N$196,9,FALSE),"") | AD63: =IFERROR(VLOOKUP(AF24,[1]데이터시트!$B$3:$N$196,9,FALSE),"") | AE63: =IFERROR(VLOOKUP(AG24,[1]데이터시트!$B$3:$N$196,9,FALSE),"") | AF63: =IFERROR(VLOOKUP(AI24,[1]데이터시트!$B$3:$N$196,9,FALSE),"") | AG63: =IFERROR(VLOOKUP(#REF!,[1]데이터시트!$B$3:$N$196,9,FALSE),"") | AI63: =IFERROR(VLOOKUP(#REF!,[1]데이터시트!$B$3:$N$196,9,FALSE),"") | AJ63: =IFERROR(VLOOKUP(#REF!,[1]데이터시트!$B$3:$N$196,9,FALSE),"") | AK63: =IFERROR(VLOOKUP(#REF!,[1]데이터시트!$B$3:$N$196,9,FALSE),"") | AL63: =IFERROR(VLOOKUP(#REF!,[1]데이터시트!$B$3:$N$196,9,FALSE),"") | AN63: =IFERROR(VLOOKUP(#REF!,[1]데이터시트!$B$3:$N$196,9,FALSE),"") | AO63: =IFERROR(VLOOKUP(#REF!,[1]데이터시트!$B$3:$N$196,9,FALSE),"") | AP63: =IFERROR(VLOOKUP(#REF!,[1]데이터시트!$B$3:$N$196,9,FALSE),"") | AQ63: =IFERROR(VLOOKUP(AT24,[1]데이터시트!$B$3:$N$196,9,FALSE),"") | AS63: =IFERROR(VLOOKUP(AU24,[1]데이터시트!$B$3:$N$196,9,FALSE),"") | AT63: =IFERROR(VLOOKUP(AV24,[1]데이터시트!$B$3:$N$196,9,FALSE),"") | AU63: =IFERROR(VLOOKUP(AX24,[1]데이터시트!$B$3:$N$196,9,FALSE),"") | AV63: =IFERROR(VLOOKUP(AY24,[1]데이터시트!$B$3:$N$196,9,FALSE),"") | AX63: =IFERROR(VLOOKUP(AZ24,[1]데이터시트!$B$3:$N$196,9,FALSE),"") | AY63: =IFERROR(VLOOKUP(BA24,[1]데이터시트!$B$3:$N$196,9,FALSE),"") | AZ63: =IFERROR(VLOOKUP(BC24,[1]데이터시트!$B$3:$N$196,9,FALSE),"") | BA63: =IFERROR(VLOOKUP(BD24,[1]데이터시트!$B$3:$N$196,9,FALSE),"") | BC63: =IFERROR(VLOOKUP(BE24,[1]데이터시트!$B$3:$N$196,9,FALSE),"") | BD63: =IFERROR(VLOOKUP(BF24,[1]데이터시트!$B$3:$N$196,9,FALSE),"") | BE63: =IFERROR(VLOOKUP(BH24,[1]데이터시트!$B$3:$N$196,9,FALSE),"")
F64: =IFERROR(VLOOKUP(F25,[1]데이터시트!$B$3:$N$196,9,FALSE),"") | G64: =IFERROR(VLOOKUP(G25,[1]데이터시트!$B$3:$N$196,9,FALSE),"") | H64: =IFERROR(VLOOKUP(H25,[1]데이터시트!$B$3:$N$196,9,FALSE),"") | J64: =IFERROR(VLOOKUP(J25,[1]데이터시트!$B$3:$N$196,9,FALSE),"") | K64: =IFERROR(VLOOKUP(K25,[1]데이터시트!$B$3:$N$196,9,FALSE),"") | L64: =IFERROR(VLOOKUP(L25,[1]데이터시트!$B$3:$N$196,9,FALSE),"") | M64: =IFERROR(VLOOKUP(M25,[1]데이터시트!$B$3:$N$196,9,FALSE),"") | O64: =IFERROR(VLOOKUP(O25,[1]데이터시트!$B$3:$N$196,9,FALSE),"") | P64: =IFERROR(VLOOKUP(P25,[1]데이터시트!$B$3:$N$196,9,FALSE),"") | Q64: =IFERROR(VLOOKUP(Q25,[1]데이터시트!$B$3:$N$196,9,FALSE),"") | R64: =IFERROR(VLOOKUP(R25,[1]데이터시트!$B$3:$N$196,9,FALSE),"") | T64: =IFERROR(VLOOKUP(T25,[1]데이터시트!$B$3:$N$196,9,FALSE),"") | U64: =IFERROR(VLOOKUP(U25,[1]데이터시트!$B$3:$N$196,9,FALSE),"") | V64: =IFERROR(VLOOKUP(V25,[1]데이터시트!$B$3:$N$196,9,FALSE),"") | W64: =IFERROR(VLOOKUP(W25,[1]데이터시트!$B$3:$N$196,9,FALSE),"") | Y64: =IFERROR(VLOOKUP(Y25,[1]데이터시트!$B$3:$N$196,9,FALSE),"") | Z64: =IFERROR(VLOOKUP(AB25,[1]데이터시트!$B$3:$N$196,9,FALSE),"") | AA64: =IFERROR(VLOOKUP(AD25,[1]데이터시트!$B$3:$N$196,9,FALSE),"") | AB64: =IFERROR(VLOOKUP(AE25,[1]데이터시트!$B$3:$N$196,9,FALSE),"") | AD64: =IFERROR(VLOOKUP(AF25,[1]데이터시트!$B$3:$N$196,9,FALSE),"") | AE64: =IFERROR(VLOOKUP(AG25,[1]데이터시트!$B$3:$N$196,9,FALSE),"") | AF64: =IFERROR(VLOOKUP(AI25,[1]데이터시트!$B$3:$N$196,9,FALSE),"") | AG64: =IFERROR(VLOOKUP(#REF!,[1]데이터시트!$B$3:$N$196,9,FALSE),"") | AI64: =IFERROR(VLOOKUP(#REF!,[1]데이터시트!$B$3:$N$196,9,FALSE),"") | AJ64: =IFERROR(VLOOKUP(#REF!,[1]데이터시트!$B$3:$N$196,9,FALSE),"") | AK64: =IFERROR(VLOOKUP(#REF!,[1]데이터시트!$B$3:$N$196,9,FALSE),"") | AL64: =IFERROR(VLOOKUP(#REF!,[1]데이터시트!$B$3:$N$196,9,FALSE),"") | AN64: =IFERROR(VLOOKUP(#REF!,[1]데이터시트!$B$3:$N$196,9,FALSE),"") | AO64: =IFERROR(VLOOKUP(#REF!,[1]데이터시트!$B$3:$N$196,9,FALSE),"") | AP64: =IFERROR(VLOOKUP(#REF!,[1]데이터시트!$B$3:$N$196,9,FALSE),"") | AQ64: =IFERROR(VLOOKUP(AT25,[1]데이터시트!$B$3:$N$196,9,FALSE),"") | AS64: =IFERROR(VLOOKUP(AU25,[1]데이터시트!$B$3:$N$196,9,FALSE),"") | AT64: =IFERROR(VLOOKUP(AV25,[1]데이터시트!$B$3:$N$196,9,FALSE),"") | AU64: =IFERROR(VLOOKUP(AX25,[1]데이터시트!$B$3:$N$196,9,FALSE),"") | AV64: =IFERROR(VLOOKUP(AY25,[1]데이터시트!$B$3:$N$196,9,FALSE),"") | AX64: =IFERROR(VLOOKUP(AZ25,[1]데이터시트!$B$3:$N$196,9,FALSE),"") | AY64: =IFERROR(VLOOKUP(BA25,[1]데이터시트!$B$3:$N$196,9,FALSE),"") | AZ64: =IFERROR(VLOOKUP(BC25,[1]데이터시트!$B$3:$N$196,9,FALSE),"") | BA64: =IFERROR(VLOOKUP(BD25,[1]데이터시트!$B$3:$N$196,9,FALSE),"") | BC64: =IFERROR(VLOOKUP(BE25,[1]데이터시트!$B$3:$N$196,9,FALSE),"") | BD64: =IFERROR(VLOOKUP(BF25,[1]데이터시트!$B$3:$N$196,9,FALSE),"") | BE64: =IFERROR(VLOOKUP(BH25,[1]데이터시트!$B$3:$N$196,9,FALSE),"")
F65: =IFERROR(VLOOKUP(F26,[1]데이터시트!$B$3:$N$196,9,FALSE),"") | G65: =IFERROR(VLOOKUP(G26,[1]데이터시트!$B$3:$N$196,9,FALSE),"") | H65: =IFERROR(VLOOKUP(H26,[1]데이터시트!$B$3:$N$196,9,FALSE),"") | J65: =IFERROR(VLOOKUP(J26,[1]데이터시트!$B$3:$N$196,9,FALSE),"") | K65: =IFERROR(VLOOKUP(K26,[1]데이터시트!$B$3:$N$196,9,FALSE),"") | L65: =IFERROR(VLOOKUP(L26,[1]데이터시트!$B$3:$N$196,9,FALSE),"") | M65: =IFERROR(VLOOKUP(M26,[1]데이터시트!$B$3:$N$196,9,FALSE),"") | O65: =IFERROR(VLOOKUP(O26,[1]데이터시트!$B$3:$N$196,9,FALSE),"") | P65: =IFERROR(VLOOKUP(P26,[1]데이터시트!$B$3:$N$196,9,FALSE),"") | Q65: =IFERROR(VLOOKUP(Q26,[1]데이터시트!$B$3:$N$196,9,FALSE),"") | R65: =IFERROR(VLOOKUP(R26,[1]데이터시트!$B$3:$N$196,9,FALSE),"") | T65: =IFERROR(VLOOKUP(T26,[1]데이터시트!$B$3:$N$196,9,FALSE),"") | U65: =IFERROR(VLOOKUP(U26,[1]데이터시트!$B$3:$N$196,9,FALSE),"") | V65: =IFERROR(VLOOKUP(V26,[1]데이터시트!$B$3:$N$196,9,FALSE),"") | W65: =IFERROR(VLOOKUP(W26,[1]데이터시트!$B$3:$N$196,9,FALSE),"") | Y65: =IFERROR(VLOOKUP(Y26,[1]데이터시트!$B$3:$N$196,9,FALSE),"") | Z65: =IFERROR(VLOOKUP(AB26,[1]데이터시트!$B$3:$N$196,9,FALSE),"") | AA65: =IFERROR(VLOOKUP(AD26,[1]데이터시트!$B$3:$N$196,9,FALSE),"") | AB65: =IFERROR(VLOOKUP(AE26,[1]데이터시트!$B$3:$N$196,9,FALSE),"") | AD65: =IFERROR(VLOOKUP(AF26,[1]데이터시트!$B$3:$N$196,9,FALSE),"") | AE65: =IFERROR(VLOOKUP(AG26,[1]데이터시트!$B$3:$N$196,9,FALSE),"") | AF65: =IFERROR(VLOOKUP(AI26,[1]데이터시트!$B$3:$N$196,9,FALSE),"") | AG65: =IFERROR(VLOOKUP(AJ26,[1]데이터시트!$B$3:$N$196,9,FALSE),"") | AI65: =IFERROR(VLOOKUP(AK26,[1]데이터시트!$B$3:$N$196,9,FALSE),"") | AJ65: =IFERROR(VLOOKUP(AL26,[1]데이터시트!$B$3:$N$196,9,FALSE),"") | AK65: =IFERROR(VLOOKUP(AN26,[1]데이터시트!$B$3:$N$196,9,FALSE),"") | AL65: =IFERROR(VLOOKUP(AO26,[1]데이터시트!$B$3:$N$196,9,FALSE),"") | AN65: =IFERROR(VLOOKUP(AP26,[1]데이터시트!$B$3:$N$196,9,FALSE),"") | AO65: =IFERROR(VLOOKUP(AQ26,[1]데이터시트!$B$3:$N$196,9,FALSE),"") | AP65: =IFERROR(VLOOKUP(AS26,[1]데이터시트!$B$3:$N$196,9,FALSE),"") | AQ65: =IFERROR(VLOOKUP(AT26,[1]데이터시트!$B$3:$N$196,9,FALSE),"") | AS65: =IFERROR(VLOOKUP(AU26,[1]데이터시트!$B$3:$N$196,9,FALSE),"") | AT65: =IFERROR(VLOOKUP(AV26,[1]데이터시트!$B$3:$N$196,9,FALSE),"") | AU65: =IFERROR(VLOOKUP(AX26,[1]데이터시트!$B$3:$N$196,9,FALSE),"") | AV65: =IFERROR(VLOOKUP(AY26,[1]데이터시트!$B$3:$N$196,9,FALSE),"") | AX65: =IFERROR(VLOOKUP(AZ26,[1]데이터시트!$B$3:$N$196,9,FALSE),"") | AY65: =IFERROR(VLOOKUP(BA26,[1]데이터시트!$B$3:$N$196,9,FALSE),"") | AZ65: =IFERROR(VLOOKUP(BC26,[1]데이터시트!$B$3:$N$196,9,FALSE),"") | BA65: =IFERROR(VLOOKUP(BD26,[1]데이터시트!$B$3:$N$196,9,FALSE),"") | BC65: =IFERROR(VLOOKUP(BE26,[1]데이터시트!$B$3:$N$196,9,FALSE),"") | BD65: =IFERROR(VLOOKUP(BF26,[1]데이터시트!$B$3:$N$196,9,FALSE),"") | BE65: =IFERROR(VLOOKUP(BH26,[1]데이터시트!$B$3:$N$196,9,FALSE),"")
F66: =IFERROR(VLOOKUP(F27,[1]데이터시트!$B$3:$N$196,9,FALSE),"") | G66: =IFERROR(VLOOKUP(G27,[1]데이터시트!$B$3:$N$196,9,FALSE),"") | H66: =IFERROR(VLOOKUP(H27,[1]데이터시트!$B$3:$N$196,9,FALSE),"") | J66: =IFERROR(VLOOKUP(J27,[1]데이터시트!$B$3:$N$196,9,FALSE),"") | K66: =IFERROR(VLOOKUP(K27,[1]데이터시트!$B$3:$N$196,9,FALSE),"") | L66: =IFERROR(VLOOKUP(L27,[1]데이터시트!$B$3:$N$196,9,FALSE),"") | M66: =IFERROR(VLOOKUP(M27,[1]데이터시트!$B$3:$N$196,9,FALSE),"") | O66: =IFERROR(VLOOKUP(O27,[1]데이터시트!$B$3:$N$196,9,FALSE),"") | P66: =IFERROR(VLOOKUP(P27,[1]데이터시트!$B$3:$N$196,9,FALSE),"") | Q66: =IFERROR(VLOOKUP(Q27,[1]데이터시트!$B$3:$N$196,9,FALSE),"") | R66: =IFERROR(VLOOKUP(R27,[1]데이터시트!$B$3:$N$196,9,FALSE),"") | T66: =IFERROR(VLOOKUP(T27,[1]데이터시트!$B$3:$N$196,9,FALSE),"") | U66: =IFERROR(VLOOKUP(U27,[1]데이터시트!$B$3:$N$196,9,FALSE),"") | V66: =IFERROR(VLOOKUP(V27,[1]데이터시트!$B$3:$N$196,9,FALSE),"") | W66: =IFERROR(VLOOKUP(W27,[1]데이터시트!$B$3:$N$196,9,FALSE),"") | Y66: =IFERROR(VLOOKUP(Y27,[1]데이터시트!$B$3:$N$196,9,FALSE),"") | Z66: =IFERROR(VLOOKUP(AB27,[1]데이터시트!$B$3:$N$196,9,FALSE),"") | AA66: =IFERROR(VLOOKUP(AD27,[1]데이터시트!$B$3:$N$196,9,FALSE),"") | AB66: =IFERROR(VLOOKUP(AE27,[1]데이터시트!$B$3:$N$196,9,FALSE),"") | AD66: =IFERROR(VLOOKUP(AF27,[1]데이터시트!$B$3:$N$196,9,FALSE),"") | AE66: =IFERROR(VLOOKUP(AG27,[1]데이터시트!$B$3:$N$196,9,FALSE),"") | AF66: =IFERROR(VLOOKUP(AI27,[1]데이터시트!$B$3:$N$196,9,FALSE),"") | AG66: =IFERROR(VLOOKUP(AJ27,[1]데이터시트!$B$3:$N$196,9,FALSE),"") | AI66: =IFERROR(VLOOKUP(AK27,[1]데이터시트!$B$3:$N$196,9,FALSE),"") | AJ66: =IFERROR(VLOOKUP(AL27,[1]데이터시트!$B$3:$N$196,9,FALSE),"") | AK66: =IFERROR(VLOOKUP(AN27,[1]데이터시트!$B$3:$N$196,9,FALSE),"") | AL66: =IFERROR(VLOOKUP(AO27,[1]데이터시트!$B$3:$N$196,9,FALSE),"") | AN66: =IFERROR(VLOOKUP(AP27,[1]데이터시트!$B$3:$N$196,9,FALSE),"") | AO66: =IFERROR(VLOOKUP(AQ27,[1]데이터시트!$B$3:$N$196,9,FALSE),"") | AP66: =IFERROR(VLOOKUP(AS27,[1]데이터시트!$B$3:$N$196,9,FALSE),"") | AQ66: =IFERROR(VLOOKUP(AT27,[1]데이터시트!$B$3:$N$196,9,FALSE),"") | AS66: =IFERROR(VLOOKUP(AU27,[1]데이터시트!$B$3:$N$196,9,FALSE),"") | AT66: =IFERROR(VLOOKUP(AV27,[1]데이터시트!$B$3:$N$196,9,FALSE),"") | AU66: =IFERROR(VLOOKUP(AX27,[1]데이터시트!$B$3:$N$196,9,FALSE),"") | AV66: =IFERROR(VLOOKUP(AY27,[1]데이터시트!$B$3:$N$196,9,FALSE),"") | AX66: =IFERROR(VLOOKUP(AZ27,[1]데이터시트!$B$3:$N$196,9,FALSE),"") | AY66: =IFERROR(VLOOKUP(BA27,[1]데이터시트!$B$3:$N$196,9,FALSE),"") | AZ66: =IFERROR(VLOOKUP(BC27,[1]데이터시트!$B$3:$N$196,9,FALSE),"") | BA66: =IFERROR(VLOOKUP(BD27,[1]데이터시트!$B$3:$N$196,9,FALSE),"") | BC66: =IFERROR(VLOOKUP(BE27,[1]데이터시트!$B$3:$N$196,9,FALSE),"") -> 기계ㆍ소재 | BD66: =IFERROR(VLOOKUP(BF27,[1]데이터시트!$B$3:$N$196,9,FALSE),"") | BE66: =IFERROR(VLOOKUP(BH27,[1]데이터시트!$B$3:$N$196,9,FALSE),"")
F67: =IFERROR(VLOOKUP(F28,[1]데이터시트!$B$3:$N$196,9,FALSE),"") | G67: =IFERROR(VLOOKUP(G28,[1]데이터시트!$B$3:$N$196,9,FALSE),"") | H67: =IFERROR(VLOOKUP(H28,[1]데이터시트!$B$3:$N$196,9,FALSE),"") | J67: =IFERROR(VLOOKUP(J28,[1]데이터시트!$B$3:$N$196,9,FALSE),"") | K67: =IFERROR(VLOOKUP(K28,[1]데이터시트!$B$3:$N$196,9,FALSE),"") | L67: =IFERROR(VLOOKUP(L28,[1]데이터시트!$B$3:$N$196,9,FALSE),"") | M67: =IFERROR(VLOOKUP(M28,[1]데이터시트!$B$3:$N$196,9,FALSE),"") | O67: =IFERROR(VLOOKUP(O28,[1]데이터시트!$B$3:$N$196,9,FALSE),"") | P67: =IFERROR(VLOOKUP(P28,[1]데이터시트!$B$3:$N$196,9,FALSE),"") | Q67: =IFERROR(VLOOKUP(Q28,[1]데이터시트!$B$3:$N$196,9,FALSE),"") | R67: =IFERROR(VLOOKUP(R28,[1]데이터시트!$B$3:$N$196,9,FALSE),"") | T67: =IFERROR(VLOOKUP(T28,[1]데이터시트!$B$3:$N$196,9,FALSE),"") | U67: =IFERROR(VLOOKUP(U28,[1]데이터시트!$B$3:$N$196,9,FALSE),"") | V67: =IFERROR(VLOOKUP(V28,[1]데이터시트!$B$3:$N$196,9,FALSE),"") | W67: =IFERROR(VLOOKUP(W28,[1]데이터시트!$B$3:$N$196,9,FALSE),"") | Y67: =IFERROR(VLOOKUP(Y28,[1]데이터시트!$B$3:$N$196,9,FALSE),"") | Z67: =IFERROR(VLOOKUP(AB28,[1]데이터시트!$B$3:$N$196,9,FALSE),"") | AA67: =IFERROR(VLOOKUP(AD28,[1]데이터시트!$B$3:$N$196,9,FALSE),"") | AB67: =IFERROR(VLOOKUP(AE28,[1]데이터시트!$B$3:$N$196,9,FALSE),"") | AD67: =IFERROR(VLOOKUP(AF28,[1]데이터시트!$B$3:$N$196,9,FALSE),"") | AE67: =IFERROR(VLOOKUP(AG28,[1]데이터시트!$B$3:$N$196,9,FALSE),"") | AF67: =IFERROR(VLOOKUP(AI28,[1]데이터시트!$B$3:$N$196,9,FALSE),"") | AG67: =IFERROR(VLOOKUP(AJ28,[1]데이터시트!$B$3:$N$196,9,FALSE),"") | AI67: =IFERROR(VLOOKUP(AK28,[1]데이터시트!$B$3:$N$196,9,FALSE),"") | AJ67: =IFERROR(VLOOKUP(AL28,[1]데이터시트!$B$3:$N$196,9,FALSE),"") | AK67: =IFERROR(VLOOKUP(AN28,[1]데이터시트!$B$3:$N$196,9,FALSE),"") | AL67: =IFERROR(VLOOKUP(AO28,[1]데이터시트!$B$3:$N$196,9,FALSE),"") | AN67: =IFERROR(VLOOKUP(AP28,[1]데이터시트!$B$3:$N$196,9,FALSE),"") | AO67: =IFERROR(VLOOKUP(AQ28,[1]데이터시트!$B$3:$N$196,9,FALSE),"") | AP67: =IFERROR(VLOOKUP(AS28,[1]데이터시트!$B$3:$N$196,9,FALSE),"") | AQ67: =IFERROR(VLOOKUP(AT28,[1]데이터시트!$B$3:$N$196,9,FALSE),"") | AS67: =IFERROR(VLOOKUP(AU28,[1]데이터시트!$B$3:$N$196,9,FALSE),"") | AT67: =IFERROR(VLOOKUP(AV28,[1]데이터시트!$B$3:$N$196,9,FALSE),"") | AU67: =IFERROR(VLOOKUP(AX28,[1]데이터시트!$B$3:$N$196,9,FALSE),"") | AV67: =IFERROR(VLOOKUP(AY28,[1]데이터시트!$B$3:$N$196,9,FALSE),"") | AX67: =IFERROR(VLOOKUP(AZ28,[1]데이터시트!$B$3:$N$196,9,FALSE),"") | AY67: =IFERROR(VLOOKUP(BA28,[1]데이터시트!$B$3:$N$196,9,FALSE),"") | AZ67: =IFERROR(VLOOKUP(BC28,[1]데이터시트!$B$3:$N$196,9,FALSE),"") | BA67: =IFERROR(VLOOKUP(BD28,[1]데이터시트!$B$3:$N$196,9,FALSE),"") | BC67: =IFERROR(VLOOKUP(BE28,[1]데이터시트!$B$3:$N$196,9,FALSE),"") | BD67: =IFERROR(VLOOKUP(BF28,[1]데이터시트!$B$3:$N$196,9,FALSE),"") | BE67: =IFERROR(VLOOKUP(BH28,[1]데이터시트!$B$3:$N$196,9,FALSE),"")
F68: =IFERROR(VLOOKUP(F29,[1]데이터시트!$B$3:$N$196,9,FALSE),"") -> 정보ㆍ통신 | G68: =IFERROR(VLOOKUP(G29,[1]데이터시트!$B$3:$N$196,9,FALSE),"") | H68: =IFERROR(VLOOKUP(H29,[1]데이터시트!$B$3:$N$196,9,FALSE),"") | J68: =IFERROR(VLOOKUP(J29,[1]데이터시트!$B$3:$N$196,9,FALSE),"") | K68: =IFERROR(VLOOKUP(K31,[1]데이터시트!$B$3:$N$196,9,FALSE),"") -> 정보ㆍ통신 | L68: =IFERROR(VLOOKUP(L31,[1]데이터시트!$B$3:$N$196,9,FALSE),"") | M68: =IFERROR(VLOOKUP(M31,[1]데이터시트!$B$3:$N$196,9,FALSE),"") | O68: =IFERROR(VLOOKUP(O29,[1]데이터시트!$B$3:$N$196,9,FALSE),"") | P68: =IFERROR(VLOOKUP(P31,[1]데이터시트!$B$3:$N$196,9,FALSE),"") -> 정보ㆍ통신 | Q68: =IFERROR(VLOOKUP(Q31,[1]데이터시트!$B$3:$N$196,9,FALSE),"") | R68: =IFERROR(VLOOKUP(R31,[1]데이터시트!$B$3:$N$196,9,FALSE),"") | T68: =IFERROR(VLOOKUP(T31,[1]데이터시트!$B$3:$N$196,9,FALSE),"") | U68: =IFERROR(VLOOKUP(U18,[1]데이터시트!$B$3:$N$196,9,FALSE),"") -> 정보ㆍ통신 | V68: =IFERROR(VLOOKUP(V18,[1]데이터시트!$B$3:$N$196,9,FALSE),"") | W68: =IFERROR(VLOOKUP(W18,[1]데이터시트!$B$3:$N$196,9,FALSE),"") | Y68: =IFERROR(VLOOKUP(Y18,[1]데이터시트!$B$3:$N$196,9,FALSE),"") | Z68: =IFERROR(VLOOKUP(AB29,[1]데이터시트!$B$3:$N$196,9,FALSE),"") | AA68: =IFERROR(VLOOKUP(AD29,[1]데이터시트!$B$3:$N$196,9,FALSE),"") | AB68: =IFERROR(VLOOKUP(AE29,[1]데이터시트!$B$3:$N$196,9,FALSE),"") -> 기계ㆍ소재 | AD68: =IFERROR(VLOOKUP(AF29,[1]데이터시트!$B$3:$N$196,9,FALSE),"") | AE68: =IFERROR(VLOOKUP(AG29,[1]데이터시트!$B$3:$N$196,9,FALSE),"") | AF68: =IFERROR(VLOOKUP(AI29,[1]데이터시트!$B$3:$N$196,9,FALSE),"") | AG68: =IFERROR(VLOOKUP(AJ29,[1]데이터시트!$B$3:$N$196,9,FALSE),"") -> 바이오ㆍ의료ㆍ생명 | AI68: =IFERROR(VLOOKUP(AK29,[1]데이터시트!$B$3:$N$196,9,FALSE),"") | AJ68: =IFERROR(VLOOKUP(AL29,[1]데이터시트!$B$3:$N$196,9,FALSE),"") | AK68: =IFERROR(VLOOKUP(AN29,[1]데이터시트!$B$3:$N$196,9,FALSE),"") | AL68: =IFERROR(VLOOKUP(AO29,[1]데이터시트!$B$3:$N$196,9,FALSE),"") -> 바이오ㆍ의료ㆍ생명 | AN68: =IFERROR(VLOOKUP(AP29,[1]데이터시트!$B$3:$N$196,9,FALSE),"") | AO68: =IFERROR(VLOOKUP(AQ29,[1]데이터시트!$B$3:$N$196,9,FALSE),"") | AP68: =IFERROR(VLOOKUP(AS29,[1]데이터시트!$B$3:$N$196,9,FALSE),"") | AQ68: =IFERROR(VLOOKUP(AT32,[1]데이터시트!$B$3:$N$196,9,FALSE),"") -> 화공ㆍ섬유 | AS68: =IFERROR(VLOOKUP(AU32,[1]데이터시트!$B$3:$N$196,9,FALSE),"") | AT68: =IFERROR(VLOOKUP(AV32,[1]데이터시트!$B$3:$N$196,9,FALSE),"") | AU68: =IFERROR(VLOOKUP(AX32,[1]데이터시트!$B$3:$N$196,9,FALSE),"") | AV68: =IFERROR(VLOOKUP(AY29,[1]데이터시트!$B$3:$N$196,9,FALSE),"") -> 에너지ㆍ자원 | AX68: =IFERROR(VLOOKUP(AZ29,[1]데이터시트!$B$3:$N$196,9,FALSE),"") | AY68: =IFERROR(VLOOKUP(BA29,[1]데이터시트!$B$3:$N$196,9,FALSE),"") | AZ68: =IFERROR(VLOOKUP(BC29,[1]데이터시트!$B$3:$N$196,9,FALSE),"") | BA68: =IFERROR(VLOOKUP(BD29,[1]데이터시트!$B$3:$N$196,9,FALSE),"") -> 공예ㆍ디자인 | BC68: =IFERROR(VLOOKUP(BE29,[1]데이터시트!$B$3:$N$196,9,FALSE),"") | BD68: =IFERROR(VLOOKUP(BF29,[1]데이터시트!$B$3:$N$196,9,FALSE),"") | BE68: =IFERROR(VLOOKUP(BH29,[1]데이터시트!$B$3:$N$196,9,FALSE),"")
F69: =IFERROR(VLOOKUP(F30,[1]데이터시트!$B$3:$N$196,9,FALSE),"") -> 정보ㆍ통신 | G69: =IFERROR(VLOOKUP(G30,[1]데이터시트!$B$3:$N$196,9,FALSE),"") | H69: =IFERROR(VLOOKUP(H30,[1]데이터시트!$B$3:$N$196,9,FALSE),"") | J69: =IFERROR(VLOOKUP(J30,[1]데이터시트!$B$3:$N$196,9,FALSE),"") | K69: =IFERROR(VLOOKUP(K37,[1]데이터시트!$B$3:$N$196,9,FALSE),"") -> 정보ㆍ통신 | L69: =IFERROR(VLOOKUP(L37,[1]데이터시트!$B$3:$N$196,9,FALSE),"") | M69: =IFERROR(VLOOKUP(M37,[1]데이터시트!$B$3:$N$196,9,FALSE),"") | O69: =IFERROR(VLOOKUP(O37,[1]데이터시트!$B$3:$N$196,9,FALSE),"") | P69: =IFERROR(VLOOKUP(P30,[1]데이터시트!$B$3:$N$196,9,FALSE),"") -> 정보ㆍ통신 | Q69: =IFERROR(VLOOKUP(Q30,[1]데이터시트!$B$3:$N$196,9,FALSE),"") | R69: =IFERROR(VLOOKUP(R30,[1]데이터시트!$B$3:$N$196,9,FALSE),"") | T69: =IFERROR(VLOOKUP(T30,[1]데이터시트!$B$3:$N$196,9,FALSE),"") | U69: =IFERROR(VLOOKUP(U16,[1]데이터시트!$B$3:$N$196,9,FALSE),"") -> 정보ㆍ통신 | V69: =IFERROR(VLOOKUP(V16,[1]데이터시트!$B$3:$N$196,9,FALSE),"") | W69: =IFERROR(VLOOKUP(W16,[1]데이터시트!$B$3:$N$196,9,FALSE),"") | Y69: =IFERROR(VLOOKUP(Y16,[1]데이터시트!$B$3:$N$196,9,FALSE),"") | Z69: =IFERROR(VLOOKUP(AB37,[1]데이터시트!$B$3:$N$196,9,FALSE),"") | AA69: =IFERROR(VLOOKUP(AD37,[1]데이터시트!$B$3:$N$196,9,FALSE),"") | AB69: =IFERROR(VLOOKUP(AE30,[1]데이터시트!$B$3:$N$196,9,FALSE),"") -> 기계ㆍ소재 | AD69: =IFERROR(VLOOKUP(AF30,[1]데이터시트!$B$3:$N$196,9,FALSE),"") | AE69: =IFERROR(VLOOKUP(AG30,[1]데이터시트!$B$3:$N$196,9,FALSE),"") | AF69: =IFERROR(VLOOKUP(AI30,[1]데이터시트!$B$3:$N$196,9,FALSE),"") | AG69: =IFERROR(VLOOKUP(AJ38,[1]데이터시트!$B$3:$N$196,9,FALSE),"") -> 바이오ㆍ의료ㆍ생명 | AI69: =IFERROR(VLOOKUP(AK38,[1]데이터시트!$B$3:$N$196,9,FALSE),"") | AJ69: =IFERROR(VLOOKUP(AL38,[1]데이터시트!$B$3:$N$196,9,FALSE),"") | AK69: =IFERROR(VLOOKUP(AN38,[1]데이터시트!$B$3:$N$196,9,FALSE),"") | AL69: =IFERROR(VLOOKUP(AO30,[1]데이터시트!$B$3:$N$196,9,FALSE),"") -> 바이오ㆍ의료ㆍ생명 | AN69: =IFERROR(VLOOKUP(AP30,[1]데이터시트!$B$3:$N$196,9,FALSE),"") | AO69: =IFERROR(VLOOKUP(AQ30,[1]데이터시트!$B$3:$N$196,9,FALSE),"") | AP69: =IFERROR(VLOOKUP(AS30,[1]데이터시트!$B$3:$N$196,9,FALSE),"") | AQ69: =IFERROR(VLOOKUP(AT31,[1]데이터시트!$B$3:$N$196,9,FALSE),"") -> 화공ㆍ섬유 | AS69: =IFERROR(VLOOKUP(AU31,[1]데이터시트!$B$3:$N$196,9,FALSE),"") | AT69: =IFERROR(VLOOKUP(AV31,[1]데이터시트!$B$3:$N$196,9,FALSE),"") | AU69: =IFERROR(VLOOKUP(AX31,[1]데이터시트!$B$3:$N$196,9,FALSE),"") | AV69: =IFERROR(VLOOKUP(AY30,[1]데이터시트!$B$3:$N$196,9,FALSE),"") -> 에너지ㆍ자원 | AX69: =IFERROR(VLOOKUP(AZ30,[1]데이터시트!$B$3:$N$196,9,FALSE),"") | AY69: =IFERROR(VLOOKUP(BA30,[1]데이터시트!$B$3:$N$196,9,FALSE),"") | AZ69: =IFERROR(VLOOKUP(BC30,[1]데이터시트!$B$3:$N$196,9,FALSE),"") | BA69: =IFERROR(VLOOKUP(BD37,[1]데이터시트!$B$3:$N$196,9,FALSE),"") -> 공예ㆍ디자인 | BC69: =IFERROR(VLOOKUP(BE37,[1]데이터시트!$B$3:$N$196,9,FALSE),"") | BD69: =IFERROR(VLOOKUP(BF37,[1]데이터시트!$B$3:$N$196,9,FALSE),"") | BE69: =IFERROR(VLOOKUP(BH37,[1]데이터시트!$B$3:$N$196,9,FALSE),"")
F70: =IFERROR(VLOOKUP(F37,[1]데이터시트!$B$3:$N$196,9,FALSE),"") -> 정보ㆍ통신 | G70: =IFERROR(VLOOKUP(G37,[1]데이터시트!$B$3:$N$196,9,FALSE),"") | H70: =IFERROR(VLOOKUP(H37,[1]데이터시트!$B$3:$N$196,9,FALSE),"") | J70: =IFERROR(VLOOKUP(J31,[1]데이터시트!$B$3:$N$196,9,FALSE),"") | K70: =IFERROR(VLOOKUP(K33,[1]데이터시트!$B$3:$N$196,9,FALSE),"") -> 정보ㆍ통신 | L70: =IFERROR(VLOOKUP(L33,[1]데이터시트!$B$3:$N$196,9,FALSE),"") | M70: =IFERROR(VLOOKUP(M33,[1]데이터시트!$B$3:$N$196,9,FALSE),"") | O70: =IFERROR(VLOOKUP(O31,[1]데이터시트!$B$3:$N$196,9,FALSE),"") | P70: =IFERROR(VLOOKUP(P32,[1]데이터시트!$B$3:$N$196,9,FALSE),"") -> 0 | Q70: =IFERROR(VLOOKUP(Q32,[1]데이터시트!$B$3:$N$196,9,FALSE),"") | R70: =IFERROR(VLOOKUP(R32,[1]데이터시트!$B$3:$N$196,9,FALSE),"") | T70: =IFERROR(VLOOKUP(T32,[1]데이터시트!$B$3:$N$196,9,FALSE),"") | U70: =IFERROR(VLOOKUP(U31,[1]데이터시트!$B$3:$N$196,9,FALSE),"") -> 정보ㆍ통신 | V70: =IFERROR(VLOOKUP(V31,[1]데이터시트!$B$3:$N$196,9,FALSE),"") | W70: =IFERROR(VLOOKUP(W31,[1]데이터시트!$B$3:$N$196,9,FALSE),"") | Y70: =IFERROR(VLOOKUP(Y31,[1]데이터시트!$B$3:$N$196,9,FALSE),"") | Z70: =IFERROR(VLOOKUP(AB31,[1]데이터시트!$B$3:$N$196,9,FALSE),"") | AA70: =IFERROR(VLOOKUP(AD31,[1]데이터시트!$B$3:$N$196,9,FALSE),"") | AB70: =IFERROR(VLOOKUP(AE31,[1]데이터시트!$B$3:$N$196,9,FALSE),"") -> 기계ㆍ소재 | AD70: =IFERROR(VLOOKUP(AF31,[1]데이터시트!$B$3:$N$196,9,FALSE),"") | AE70: =IFERROR(VLOOKUP(AG31,[1]데이터시트!$B$3:$N$196,9,FALSE),"") | AF70: =IFERROR(VLOOKUP(AI31,[1]데이터시트!$B$3:$N$196,9,FALSE),"") | AG70: =IFERROR(VLOOKUP(AJ31,[1]데이터시트!$B$3:$N$196,9,FALSE),"") -> 바이오ㆍ의료ㆍ생명 | AI70: =IFERROR(VLOOKUP(AK31,[1]데이터시트!$B$3:$N$196,9,FALSE),"") | AJ70: =IFERROR(VLOOKUP(AL31,[1]데이터시트!$B$3:$N$196,9,FALSE),"") | AK70: =IFERROR(VLOOKUP(AN31,[1]데이터시트!$B$3:$N$196,9,FALSE),"") | AL70: =IFERROR(VLOOKUP(AO31,[1]데이터시트!$B$3:$N$196,9,FALSE),"") -> 바이오ㆍ의료ㆍ생명 | AN70: =IFERROR(VLOOKUP(AP31,[1]데이터시트!$B$3:$N$196,9,FALSE),"") | AO70: =IFERROR(VLOOKUP(AQ31,[1]데이터시트!$B$3:$N$196,9,FALSE),"") | AP70: =IFERROR(VLOOKUP(AS31,[1]데이터시트!$B$3:$N$196,9,FALSE),"") | AQ70: =IFERROR(VLOOKUP(AT30,[1]데이터시트!$B$3:$N$196,9,FALSE),"") -> 화공ㆍ섬유 | AS70: =IFERROR(VLOOKUP(AU30,[1]데이터시트!$B$3:$N$196,9,FALSE),"") | AT70: =IFERROR(VLOOKUP(AV30,[1]데이터시트!$B$3:$N$196,9,FALSE),"") | AU70: =IFERROR(VLOOKUP(AX30,[1]데이터시트!$B$3:$N$196,9,FALSE),"") | AV70: =IFERROR(VLOOKUP(AY38,[1]데이터시트!$B$3:$N$196,9,FALSE),"") -> 에너지ㆍ자원 | AX70: =IFERROR(VLOOKUP(AZ38,[1]데이터시트!$B$3:$N$196,9,FALSE),"") | AY70: =IFERROR(VLOOKUP(BA38,[1]데이터시트!$B$3:$N$196,9,FALSE),"") | AZ70: =IFERROR(VLOOKUP(BC38,[1]데이터시트!$B$3:$N$196,9,FALSE),"") | BA70: =IFERROR(VLOOKUP(BD38,[1]데이터시트!$B$3:$N$196,9,FALSE),"") -> 공예ㆍ디자인 | BC70: =IFERROR(VLOOKUP(BE38,[1]데이터시트!$B$3:$N$196,9,FALSE),"") | BD70: =IFERROR(VLOOKUP(BF38,[1]데이터시트!$B$3:$N$196,9,FALSE),"") | BE70: =IFERROR(VLOOKUP(BH38,[1]데이터시트!$B$3:$N$196,9,FALSE),"")
F71: =IFERROR(VLOOKUP(F38,[1]데이터시트!$B$3:$N$196,9,FALSE),"") -> 정보ㆍ통신 | G71: =IFERROR(VLOOKUP(G38,[1]데이터시트!$B$3:$N$196,9,FALSE),"") | H71: =IFERROR(VLOOKUP(H38,[1]데이터시트!$B$3:$N$196,9,FALSE),"") | J71: =IFERROR(VLOOKUP(J32,[1]데이터시트!$B$3:$N$196,9,FALSE),"") | K71: =IFERROR(VLOOKUP(K38,[1]데이터시트!$B$3:$N$196,9,FALSE),"") -> 정보ㆍ통신 | L71: =IFERROR(VLOOKUP(L38,[1]데이터시트!$B$3:$N$196,9,FALSE),"") | M71: =IFERROR(VLOOKUP(M38,[1]데이터시트!$B$3:$N$196,9,FALSE),"") | O71: =IFERROR(VLOOKUP(O38,[1]데이터시트!$B$3:$N$196,9,FALSE),"") | P71: =IFERROR(VLOOKUP(P29,[1]데이터시트!$B$3:$N$196,9,FALSE),"") -> 정보ㆍ통신 | Q71: =IFERROR(VLOOKUP(Q29,[1]데이터시트!$B$3:$N$196,9,FALSE),"") | R71: =IFERROR(VLOOKUP(R29,[1]데이터시트!$B$3:$N$196,9,FALSE),"") | T71: =IFERROR(VLOOKUP(T29,[1]데이터시트!$B$3:$N$196,9,FALSE),"") | U71: =IFERROR(VLOOKUP(U38,[1]데이터시트!$B$3:$N$196,9,FALSE),"") -> 정보ㆍ통신 | V71: =IFERROR(VLOOKUP(V38,[1]데이터시트!$B$3:$N$196,9,FALSE),"") | W71: =IFERROR(VLOOKUP(W38,[1]데이터시트!$B$3:$N$196,9,FALSE),"") | Y71: =IFERROR(VLOOKUP(Y38,[1]데이터시트!$B$3:$N$196,9,FALSE),"") | Z71: =IFERROR(VLOOKUP(AB32,[1]데이터시트!$B$3:$N$196,9,FALSE),"") | AA71: =IFERROR(VLOOKUP(AD32,[1]데이터시트!$B$3:$N$196,9,FALSE),"") | AB71: =IFERROR(VLOOKUP(AE32,[1]데이터시트!$B$3:$N$196,9,FALSE),"") -> 기계ㆍ소재 | AD71: =IFERROR(VLOOKUP(AF32,[1]데이터시트!$B$3:$N$196,9,FALSE),"") | AE71: =IFERROR(VLOOKUP(AG32,[1]데이터시트!$B$3:$N$196,9,FALSE),"") | AF71: =IFERROR(VLOOKUP(AI32,[1]데이터시트!$B$3:$N$196,9,FALSE),"") | AG71: =IFERROR(VLOOKUP(AJ39,[1]데이터시트!$B$3:$N$196,9,FALSE),"") -> 바이오ㆍ의료ㆍ생명 | AI71: =IFERROR(VLOOKUP(AK39,[1]데이터시트!$B$3:$N$196,9,FALSE),"") | AJ71: =IFERROR(VLOOKUP(AL39,[1]데이터시트!$B$3:$N$196,9,FALSE),"") | AK71: =IFERROR(VLOOKUP(AN39,[1]데이터시트!$B$3:$N$196,9,FALSE),"") | AL71: =IFERROR(VLOOKUP(AO32,[1]데이터시트!$B$3:$N$196,9,FALSE),"") -> 바이오ㆍ의료ㆍ생명 | AN71: =IFERROR(VLOOKUP(AP32,[1]데이터시트!$B$3:$N$196,9,FALSE),"") | AO71: =IFERROR(VLOOKUP(AQ32,[1]데이터시트!$B$3:$N$196,9,FALSE),"") | AP71: =IFERROR(VLOOKUP(AS32,[1]데이터시트!$B$3:$N$196,9,FALSE),"") | AQ71: =IFERROR(VLOOKUP(AT35,[1]데이터시트!$B$3:$N$196,9,FALSE),"") -> 화공ㆍ섬유 | AS71: =IFERROR(VLOOKUP(AU35,[1]데이터시트!$B$3:$N$196,9,FALSE),"") | AT71: =IFERROR(VLOOKUP(AV35,[1]데이터시트!$B$3:$N$196,9,FALSE),"") | AU71: =IFERROR(VLOOKUP(AX35,[1]데이터시트!$B$3:$N$196,9,FALSE),"") | AV71: =IFERROR(VLOOKUP(AY36,[1]데이터시트!$B$3:$N$196,9,FALSE),"") -> 에너지ㆍ자원 | AX71: =IFERROR(VLOOKUP(AZ36,[1]데이터시트!$B$3:$N$196,9,FALSE),"") | AY71: =IFERROR(VLOOKUP(BA36,[1]데이터시트!$B$3:$N$196,9,FALSE),"") | AZ71: =IFERROR(VLOOKUP(BC36,[1]데이터시트!$B$3:$N$196,9,FALSE),"") | BA71: =IFERROR(VLOOKUP(BD30,[1]데이터시트!$B$3:$N$196,9,FALSE),"") -> 공예ㆍ디자인 | BC71: =IFERROR(VLOOKUP(BE30,[1]데이터시트!$B$3:$N$196,9,FALSE),"") | BD71: =IFERROR(VLOOKUP(BF30,[1]데이터시트!$B$3:$N$196,9,FALSE),"") | BE71: =IFERROR(VLOOKUP(BH30,[1]데이터시트!$B$3:$N$196,9,FALSE),"")
F72: =IFERROR(VLOOKUP(F39,[1]데이터시트!$B$3:$N$196,9,FALSE),"") -> 정보ㆍ통신 | G72: =IFERROR(VLOOKUP(G39,[1]데이터시트!$B$3:$N$196,9,FALSE),"") | H72: =IFERROR(VLOOKUP(H39,[1]데이터시트!$B$3:$N$196,9,FALSE),"") | J72: =IFERROR(VLOOKUP(J33,[1]데이터시트!$B$3:$N$196,9,FALSE),"") | K72: =IFERROR(VLOOKUP(K36,[1]데이터시트!$B$3:$N$196,9,FALSE),"") -> 정보ㆍ통신 | L72: =IFERROR(VLOOKUP(L36,[1]데이터시트!$B$3:$N$196,9,FALSE),"") | M72: =IFERROR(VLOOKUP(M36,[1]데이터시트!$B$3:$N$196,9,FALSE),"") | O72: =IFERROR(VLOOKUP(O33,[1]데이터시트!$B$3:$N$196,9,FALSE),"") | P72: =IFERROR(VLOOKUP(P33,[1]데이터시트!$B$3:$N$196,9,FALSE),"") -> 정보ㆍ통신 | Q72: =IFERROR(VLOOKUP(Q33,[1]데이터시트!$B$3:$N$196,9,FALSE),"") | R72: =IFERROR(VLOOKUP(R33,[1]데이터시트!$B$3:$N$196,9,FALSE),"") | T72: =IFERROR(VLOOKUP(T33,[1]데이터시트!$B$3:$N$196,9,FALSE),"") | U72: =IFERROR(VLOOKUP(#REF!,[1]데이터시트!$B$3:$N$196,9,FALSE),"") | V72: =IFERROR(VLOOKUP(#REF!,[1]데이터시트!$B$3:$N$196,9,FALSE),"") | W72: =IFERROR(VLOOKUP(#REF!,[1]데이터시트!$B$3:$N$196,9,FALSE),"") | Y72: =IFERROR(VLOOKUP(#REF!,[1]데이터시트!$B$3:$N$196,9,FALSE),"") | Z72: =IFERROR(VLOOKUP(AB33,[1]데이터시트!$B$3:$N$196,9,FALSE),"") | AA72: =IFERROR(VLOOKUP(AD33,[1]데이터시트!$B$3:$N$196,9,FALSE),"") | AB72: =IFERROR(VLOOKUP(AE33,[1]데이터시트!$B$3:$N$196,9,FALSE),"") -> 기계ㆍ소재 | AD72: =IFERROR(VLOOKUP(AF33,[1]데이터시트!$B$3:$N$196,9,FALSE),"") | AE72: =IFERROR(VLOOKUP(AG33,[1]데이터시트!$B$3:$N$196,9,FALSE),"") | AF72: =IFERROR(VLOOKUP(AI33,[1]데이터시트!$B$3:$N$196,9,FALSE),"") | AG72: =IFERROR(VLOOKUP(AJ30,[1]데이터시트!$B$3:$N$196,9,FALSE),"") -> 바이오ㆍ의료ㆍ생명 | AI72: =IFERROR(VLOOKUP(AK30,[1]데이터시트!$B$3:$N$196,9,FALSE),"") | AJ72: =IFERROR(VLOOKUP(AL30,[1]데이터시트!$B$3:$N$196,9,FALSE),"") | AK72: =IFERROR(VLOOKUP(AN30,[1]데이터시트!$B$3:$N$196,9,FALSE),"") | AL72: =IFERROR(VLOOKUP(AO33,[1]데이터시트!$B$3:$N$196,9,FALSE),"") -> 바이오ㆍ의료ㆍ생명 | AN72: =IFERROR(VLOOKUP(AP33,[1]데이터시트!$B$3:$N$196,9,FALSE),"") | AO72: =IFERROR(VLOOKUP(AQ33,[1]데이터시트!$B$3:$N$196,9,FALSE),"") | AP72: =IFERROR(VLOOKUP(AS33,[1]데이터시트!$B$3:$N$196,9,FALSE),"") | AQ72: =IFERROR(VLOOKUP(AT36,[1]데이터시트!$B$3:$N$196,9,FALSE),"") -> 화공ㆍ섬유 | AS72: =IFERROR(VLOOKUP(AU36,[1]데이터시트!$B$3:$N$196,9,FALSE),"") | AT72: =IFERROR(VLOOKUP(AV36,[1]데이터시트!$B$3:$N$196,9,FALSE),"") | AU72: =IFERROR(VLOOKUP(AX36,[1]데이터시트!$B$3:$N$196,9,FALSE),"") | AV72: =IFERROR(VLOOKUP(AY40,[1]데이터시트!$B$3:$N$196,9,FALSE),"") -> 에너지ㆍ자원 | AX72: =IFERROR(VLOOKUP(AZ40,[1]데이터시트!$B$3:$N$196,9,FALSE),"") | AY72: =IFERROR(VLOOKUP(BA40,[1]데이터시트!$B$3:$N$196,9,FALSE),"") | AZ72: =IFERROR(VLOOKUP(BC40,[1]데이터시트!$B$3:$N$196,9,FALSE),"") | BA72: =IFERROR(VLOOKUP(BD31,[1]데이터시트!$B$3:$N$196,9,FALSE),"") -> 공예ㆍ디자인 | BC72: =IFERROR(VLOOKUP(BE31,[1]데이터시트!$B$3:$N$196,9,FALSE),"") | BD72: =IFERROR(VLOOKUP(BF31,[1]데이터시트!$B$3:$N$196,9,FALSE),"") | BE72: =IFERROR(VLOOKUP(BH31,[1]데이터시트!$B$3:$N$196,9,FALSE),"")
F73: =IFERROR(VLOOKUP(F34,[1]데이터시트!$B$3:$N$196,9,FALSE),"") | G73: =IFERROR(VLOOKUP(G34,[1]데이터시트!$B$3:$N$196,9,FALSE),"") | H73: =IFERROR(VLOOKUP(H34,[1]데이터시트!$B$3:$N$196,9,FALSE),"") | J73: =IFERROR(VLOOKUP(J34,[1]데이터시트!$B$3:$N$196,9,FALSE),"") | K73: =IFERROR(VLOOKUP(K34,[1]데이터시트!$B$3:$N$196,9,FALSE),"") | L73: =IFERROR(VLOOKUP(L34,[1]데이터시트!$B$3:$N$196,9,FALSE),"") | M73: =IFERROR(VLOOKUP(M34,[1]데이터시트!$B$3:$N$196,9,FALSE),"") | O73: =IFERROR(VLOOKUP(O34,[1]데이터시트!$B$3:$N$196,9,FALSE),"") | P73: =IFERROR(VLOOKUP(P34,[1]데이터시트!$B$3:$N$196,9,FALSE),"") | Q73: =IFERROR(VLOOKUP(Q34,[1]데이터시트!$B$3:$N$196,9,FALSE),"") | R73: =IFERROR(VLOOKUP(R34,[1]데이터시트!$B$3:$N$196,9,FALSE),"") | T73: =IFERROR(VLOOKUP(T34,[1]데이터시트!$B$3:$N$196,9,FALSE),"") | U73: =IFERROR(VLOOKUP(U34,[1]데이터시트!$B$3:$N$196,9,FALSE),"") | V73: =IFERROR(VLOOKUP(V34,[1]데이터시트!$B$3:$N$196,9,FALSE),"") | W73: =IFERROR(VLOOKUP(W34,[1]데이터시트!$B$3:$N$196,9,FALSE),"") | Y73: =IFERROR(VLOOKUP(Y34,[1]데이터시트!$B$3:$N$196,9,FALSE),"") | Z73: =IFERROR(VLOOKUP(AB34,[1]데이터시트!$B$3:$N$196,9,FALSE),"") | AA73: =IFERROR(VLOOKUP(AD34,[1]데이터시트!$B$3:$N$196,9,FALSE),"") | AB73: =IFERROR(VLOOKUP(AE34,[1]데이터시트!$B$3:$N$196,9,FALSE),"") | AD73: =IFERROR(VLOOKUP(AF34,[1]데이터시트!$B$3:$N$196,9,FALSE),"") | AE73: =IFERROR(VLOOKUP(AG34,[1]데이터시트!$B$3:$N$196,9,FALSE),"") | AF73: =IFERROR(VLOOKUP(AI34,[1]데이터시트!$B$3:$N$196,9,FALSE),"") | AG73: =IFERROR(VLOOKUP(AJ34,[1]데이터시트!$B$3:$N$196,9,FALSE),"") | AI73: =IFERROR(VLOOKUP(AK34,[1]데이터시트!$B$3:$N$196,9,FALSE),"") | AJ73: =IFERROR(VLOOKUP(AL34,[1]데이터시트!$B$3:$N$196,9,FALSE),"") | AK73: =IFERROR(VLOOKUP(AN34,[1]데이터시트!$B$3:$N$196,9,FALSE),"") | AL73: =IFERROR(VLOOKUP(AO34,[1]데이터시트!$B$3:$N$196,9,FALSE),"") | AN73: =IFERROR(VLOOKUP(AP34,[1]데이터시트!$B$3:$N$196,9,FALSE),"") | AO73: =IFERROR(VLOOKUP(AQ34,[1]데이터시트!$B$3:$N$196,9,FALSE),"") | AP73: =IFERROR(VLOOKUP(AS34,[1]데이터시트!$B$3:$N$196,9,FALSE),"") | AQ73: =IFERROR(VLOOKUP(AT34,[1]데이터시트!$B$3:$N$196,9,FALSE),"") | AS73: =IFERROR(VLOOKUP(AU34,[1]데이터시트!$B$3:$N$196,9,FALSE),"") | AT73: =IFERROR(VLOOKUP(AV34,[1]데이터시트!$B$3:$N$196,9,FALSE),"") | AU73: =IFERROR(VLOOKUP(AX34,[1]데이터시트!$B$3:$N$196,9,FALSE),"") | AV73: =IFERROR(VLOOKUP(AY34,[1]데이터시트!$B$3:$N$196,9,FALSE),"") | AX73: =IFERROR(VLOOKUP(AZ34,[1]데이터시트!$B$3:$N$196,9,FALSE),"") | AY73: =IFERROR(VLOOKUP(BA34,[1]데이터시트!$B$3:$N$196,9,FALSE),"") | AZ73: =IFERROR(VLOOKUP(BC34,[1]데이터시트!$B$3:$N$196,9,FALSE),"") | BA73: =IFERROR(VLOOKUP(BD34,[1]데이터시트!$B$3:$N$196,9,FALSE),"") | BC73: =IFERROR(VLOOKUP(BE34,[1]데이터시트!$B$3:$N$196,9,FALSE),"") | BD73: =IFERROR(VLOOKUP(BF34,[1]데이터시트!$B$3:$N$196,9,FALSE),"") | BE73: =IFERROR(VLOOKUP(BH34,[1]데이터시트!$B$3:$N$196,9,FALSE),"")
F74: =IFERROR(VLOOKUP(F35,[1]데이터시트!$B$3:$N$196,9,FALSE),"") -> 정보ㆍ통신 | G74: =IFERROR(VLOOKUP(G35,[1]데이터시트!$B$3:$N$196,9,FALSE),"") | H74: =IFERROR(VLOOKUP(H35,[1]데이터시트!$B$3:$N$196,9,FALSE),"") | J74: =IFERROR(VLOOKUP(J35,[1]데이터시트!$B$3:$N$196,9,FALSE),"") | K74: =IFERROR(VLOOKUP(K14,[1]데이터시트!$B$3:$N$196,9,FALSE),"") -> 정보ㆍ통신 | L74: =IFERROR(VLOOKUP(L14,[1]데이터시트!$B$3:$N$196,9,FALSE),"") | M74: =IFERROR(VLOOKUP(M14,[1]데이터시트!$B$3:$N$196,9,FALSE),"") | O74: =IFERROR(VLOOKUP(O14,[1]데이터시트!$B$3:$N$196,9,FALSE),"") | P74: =IFERROR(VLOOKUP(P35,[1]데이터시트!$B$3:$N$196,9,FALSE),"") -> 정보ㆍ통신 | Q74: =IFERROR(VLOOKUP(Q35,[1]데이터시트!$B$3:$N$196,9,FALSE),"") | R74: =IFERROR(VLOOKUP(R35,[1]데이터시트!$B$3:$N$196,9,FALSE),"") | T74: =IFERROR(VLOOKUP(T35,[1]데이터시트!$B$3:$N$196,9,FALSE),"") | U74: =IFERROR(VLOOKUP(U35,[1]데이터시트!$B$3:$N$196,9,FALSE),"") | V74: =IFERROR(VLOOKUP(V35,[1]데이터시트!$B$3:$N$196,9,FALSE),"") | W74: =IFERROR(VLOOKUP(W35,[1]데이터시트!$B$3:$N$196,9,FALSE),"") | Y74: =IFERROR(VLOOKUP(Y35,[1]데이터시트!$B$3:$N$196,9,FALSE),"") | Z74: =IFERROR(VLOOKUP(AB35,[1]데이터시트!$B$3:$N$196,9,FALSE),"") | AA74: =IFERROR(VLOOKUP(AD35,[1]데이터시트!$B$3:$N$196,9,FALSE),"") | AB74: =IFERROR(VLOOKUP(AE35,[1]데이터시트!$B$3:$N$196,9,FALSE),"") -> 기계ㆍ소재 | AD74: =IFERROR(VLOOKUP(AF35,[1]데이터시트!$B$3:$N$196,9,FALSE),"") | AE74: =IFERROR(VLOOKUP(AG35,[1]데이터시트!$B$3:$N$196,9,FALSE),"") | AF74: =IFERROR(VLOOKUP(AI35,[1]데이터시트!$B$3:$N$196,9,FALSE),"") | AG74: =IFERROR(VLOOKUP(AJ36,[1]데이터시트!$B$3:$N$196,9,FALSE),"") -> 바이오ㆍ의료ㆍ생명 | AI74: =IFERROR(VLOOKUP(AK36,[1]데이터시트!$B$3:$N$196,9,FALSE),"") | AJ74: =IFERROR(VLOOKUP(AL36,[1]데이터시트!$B$3:$N$196,9,FALSE),"") | AK74: =IFERROR(VLOOKUP(AN36,[1]데이터시트!$B$3:$N$196,9,FALSE),"") | AL74: =IFERROR(VLOOKUP(AO35,[1]데이터시트!$B$3:$N$196,9,FALSE),"") | AN74: =IFERROR(VLOOKUP(AP35,[1]데이터시트!$B$3:$N$196,9,FALSE),"") | AO74: =IFERROR(VLOOKUP(AQ35,[1]데이터시트!$B$3:$N$196,9,FALSE),"") | AP74: =IFERROR(VLOOKUP(AS35,[1]데이터시트!$B$3:$N$196,9,FALSE),"") | AQ74: =IFERROR(VLOOKUP(AT33,[1]데이터시트!$B$3:$N$196,9,FALSE),"") -> 화공ㆍ섬유 | AS74: =IFERROR(VLOOKUP(AU33,[1]데이터시트!$B$3:$N$196,9,FALSE),"") | AT74: =IFERROR(VLOOKUP(AV33,[1]데이터시트!$B$3:$N$196,9,FALSE),"") | AU74: =IFERROR(VLOOKUP(AX33,[1]데이터시트!$B$3:$N$196,9,FALSE),"") | AV74: =IFERROR(VLOOKUP(AY33,[1]데이터시트!$B$3:$N$196,9,FALSE),"") -> 에너지ㆍ자원 | AX74: =IFERROR(VLOOKUP(AZ33,[1]데이터시트!$B$3:$N$196,9,FALSE),"") | AY74: =IFERROR(VLOOKUP(BA33,[1]데이터시트!$B$3:$N$196,9,FALSE),"") | AZ74: =IFERROR(VLOOKUP(BC33,[1]데이터시트!$B$3:$N$196,9,FALSE),"") | BA74: =IFERROR(VLOOKUP(BD35,[1]데이터시트!$B$3:$N$196,9,FALSE),"") | BC74: =IFERROR(VLOOKUP(BE35,[1]데이터시트!$B$3:$N$196,9,FALSE),"") | BD74: =IFERROR(VLOOKUP(BF35,[1]데이터시트!$B$3:$N$196,9,FALSE),"") | BE74: =IFERROR(VLOOKUP(BH35,[1]데이터시트!$B$3:$N$196,9,FALSE),"")
F75: =IFERROR(VLOOKUP(F36,[1]데이터시트!$B$3:$N$196,9,FALSE),"") -> 정보ㆍ통신 | G75: =IFERROR(VLOOKUP(G36,[1]데이터시트!$B$3:$N$196,9,FALSE),"") | H75: =IFERROR(VLOOKUP(H36,[1]데이터시트!$B$3:$N$196,9,FALSE),"") | J75: =IFERROR(VLOOKUP(J36,[1]데이터시트!$B$3:$N$196,9,FALSE),"") | K75: =IFERROR(VLOOKUP(K32,[1]데이터시트!$B$3:$N$196,9,FALSE),"") -> 정보ㆍ통신 | L75: =IFERROR(VLOOKUP(L32,[1]데이터시트!$B$3:$N$196,9,FALSE),"") | M75: =IFERROR(VLOOKUP(M32,[1]데이터시트!$B$3:$N$196,9,FALSE),"") | O75: =IFERROR(VLOOKUP(O30,[1]데이터시트!$B$3:$N$196,9,FALSE),"") | P75: =IFERROR(VLOOKUP(K41,[1]데이터시트!$B$3:$N$196,9,FALSE),"") -> 정보ㆍ통신 | Q75: =IFERROR(VLOOKUP(L41,[1]데이터시트!$B$3:$N$196,9,FALSE),"") | R75: =IFERROR(VLOOKUP(M41,[1]데이터시트!$B$3:$N$196,9,FALSE),"") | T75: =IFERROR(VLOOKUP(O41,[1]데이터시트!$B$3:$N$196,9,FALSE),"") | U75: =IFERROR(VLOOKUP(U36,[1]데이터시트!$B$3:$N$196,9,FALSE),"") | V75: =IFERROR(VLOOKUP(V36,[1]데이터시트!$B$3:$N$196,9,FALSE),"") | W75: =IFERROR(VLOOKUP(W36,[1]데이터시트!$B$3:$N$196,9,FALSE),"") | Y75: =IFERROR(VLOOKUP(Y36,[1]데이터시트!$B$3:$N$196,9,FALSE),"") | Z75: =IFERROR(VLOOKUP(AB36,[1]데이터시트!$B$3:$N$196,9,FALSE),"") | AA75: =IFERROR(VLOOKUP(AD36,[1]데이터시트!$B$3:$N$196,9,FALSE),"") | AB75: =IFERROR(VLOOKUP(AE36,[1]데이터시트!$B$3:$N$196,9,FALSE),"") -> 기계ㆍ소재 | AD75: =IFERROR(VLOOKUP(AF36,[1]데이터시트!$B$3:$N$196,9,FALSE),"") | AE75: =IFERROR(VLOOKUP(AG36,[1]데이터시트!$B$3:$N$196,9,FALSE),"") | AF75: =IFERROR(VLOOKUP(AI36,[1]데이터시트!$B$3:$N$196,9,FALSE),"") | AG75: =IFERROR(VLOOKUP(AJ37,[1]데이터시트!$B$3:$N$196,9,FALSE),"") -> 바이오ㆍ의료ㆍ생명 | AI75: =IFERROR(VLOOKUP(AK37,[1]데이터시트!$B$3:$N$196,9,FALSE),"") | AJ75: =IFERROR(VLOOKUP(AL37,[1]데이터시트!$B$3:$N$196,9,FALSE),"") | AK75: =IFERROR(VLOOKUP(AN37,[1]데이터시트!$B$3:$N$196,9,FALSE),"") | AL75: =IFERROR(VLOOKUP(AO36,[1]데이터시트!$B$3:$N$196,9,FALSE),"") -> 바이오ㆍ의료ㆍ생명 | AN75: =IFERROR(VLOOKUP(AP36,[1]데이터시트!$B$3:$N$196,9,FALSE),"") | AO75: =IFERROR(VLOOKUP(AQ36,[1]데이터시트!$B$3:$N$196,9,FALSE),"") | AP75: =IFERROR(VLOOKUP(AS36,[1]데이터시트!$B$3:$N$196,9,FALSE),"") | AQ75: =IFERROR(VLOOKUP(AT37,[1]데이터시트!$B$3:$N$196,9,FALSE),"") -> 화공ㆍ섬유 | AS75: =IFERROR(VLOOKUP(AU37,[1]데이터시트!$B$3:$N$196,9,FALSE),"") | AT75: =IFERROR(VLOOKUP(AV37,[1]데이터시트!$B$3:$N$196,9,FALSE),"") | AU75: =IFERROR(VLOOKUP(AX37,[1]데이터시트!$B$3:$N$196,9,FALSE),"") | AV75: =IFERROR(VLOOKUP(AY41,[1]데이터시트!$B$3:$N$196,9,FALSE),"") -> 에너지ㆍ자원 | AX75: =IFERROR(VLOOKUP(AZ41,[1]데이터시트!$B$3:$N$196,9,FALSE),"") | AY75: =IFERROR(VLOOKUP(BA41,[1]데이터시트!$B$3:$N$196,9,FALSE),"") | AZ75: =IFERROR(VLOOKUP(BC41,[1]데이터시트!$B$3:$N$196,9,FALSE),"") | BA75: =IFERROR(VLOOKUP(BD36,[1]데이터시트!$B$3:$N$196,9,FALSE),"") | BC75: =IFERROR(VLOOKUP(BE36,[1]데이터시트!$B$3:$N$196,9,FALSE),"") | BD75: =IFERROR(VLOOKUP(BF36,[1]데이터시트!$B$3:$N$196,9,FALSE),"") | BE75: =IFERROR(VLOOKUP(BH36,[1]데이터시트!$B$3:$N$196,9,FALSE),"")
F76: =IFERROR(VLOOKUP(#REF!,[1]데이터시트!$B$3:$N$196,9,FALSE),"") | G76: =IFERROR(VLOOKUP(#REF!,[1]데이터시트!$B$3:$N$196,9,FALSE),"") | H76: =IFERROR(VLOOKUP(#REF!,[1]데이터시트!$B$3:$N$196,9,FALSE),"") | J76: =IFERROR(VLOOKUP(J37,[1]데이터시트!$B$3:$N$196,9,FALSE),"") | K76: =IFERROR(VLOOKUP(K30,[1]데이터시트!$B$3:$N$196,9,FALSE),"") -> 정보ㆍ통신 | L76: =IFERROR(VLOOKUP(L30,[1]데이터시트!$B$3:$N$196,9,FALSE),"") | M76: =IFERROR(VLOOKUP(M30,[1]데이터시트!$B$3:$N$196,9,FALSE),"") | O76: =IFERROR(VLOOKUP(O36,[1]데이터시트!$B$3:$N$196,9,FALSE),"") | P76: =IFERROR(VLOOKUP(P37,[1]데이터시트!$B$3:$N$196,9,FALSE),"") -> 정보ㆍ통신 | Q76: =IFERROR(VLOOKUP(Q37,[1]데이터시트!$B$3:$N$196,9,FALSE),"") | R76: =IFERROR(VLOOKUP(R37,[1]데이터시트!$B$3:$N$196,9,FALSE),"") | T76: =IFERROR(VLOOKUP(T37,[1]데이터시트!$B$3:$N$196,9,FALSE),"") | U76: =IFERROR(VLOOKUP(U40,[1]데이터시트!$B$3:$N$196,9,FALSE),"") -> 정보ㆍ통신 | V76: =IFERROR(VLOOKUP(V40,[1]데이터시트!$B$3:$N$196,9,FALSE),"") | W76: =IFERROR(VLOOKUP(W40,[1]데이터시트!$B$3:$N$196,9,FALSE),"") | Y76: =IFERROR(VLOOKUP(Y40,[1]데이터시트!$B$3:$N$196,9,FALSE),"") | Z76: =IFERROR(VLOOKUP(AB30,[1]데이터시트!$B$3:$N$196,9,FALSE),"") | AA76: =IFERROR(VLOOKUP(AD30,[1]데이터시트!$B$3:$N$196,9,FALSE),"") | AB76: =IFERROR(VLOOKUP(AE37,[1]데이터시트!$B$3:$N$196,9,FALSE),"") -> 기계ㆍ소재 | AD76: =IFERROR(VLOOKUP(AF37,[1]데이터시트!$B$3:$N$196,9,FALSE),"") | AE76: =IFERROR(VLOOKUP(AG37,[1]데이터시트!$B$3:$N$196,9,FALSE),"") | AF76: =IFERROR(VLOOKUP(AI37,[1]데이터시트!$B$3:$N$196,9,FALSE),"") | AG76: =IFERROR(VLOOKUP(AJ32,[1]데이터시트!$B$3:$N$196,9,FALSE),"") -> 바이오ㆍ의료ㆍ생명 | AI76: =IFERROR(VLOOKUP(AK32,[1]데이터시트!$B$3:$N$196,9,FALSE),"") | AJ76: =IFERROR(VLOOKUP(AL32,[1]데이터시트!$B$3:$N$196,9,FALSE),"") | AK76: =IFERROR(VLOOKUP(AN32,[1]데이터시트!$B$3:$N$196,9,FALSE),"") | AL76: =IFERROR(VLOOKUP(AO37,[1]데이터시트!$B$3:$N$196,9,FALSE),"") -> 바이오ㆍ의료ㆍ생명 | AN76: =IFERROR(VLOOKUP(AP37,[1]데이터시트!$B$3:$N$196,9,FALSE),"") | AO76: =IFERROR(VLOOKUP(AQ37,[1]데이터시트!$B$3:$N$196,9,FALSE),"") | AP76: =IFERROR(VLOOKUP(AS37,[1]데이터시트!$B$3:$N$196,9,FALSE),"") | AQ76: =IFERROR(VLOOKUP(AT38,[1]데이터시트!$B$3:$N$196,9,FALSE),"") -> 화공ㆍ섬유 | AS76: =IFERROR(VLOOKUP(AU38,[1]데이터시트!$B$3:$N$196,9,FALSE),"") | AT76: =IFERROR(VLOOKUP(AV38,[1]데이터시트!$B$3:$N$196,9,FALSE),"") | AU76: =IFERROR(VLOOKUP(AX38,[1]데이터시트!$B$3:$N$196,9,FALSE),"") | AV76: =IFERROR(VLOOKUP(AY31,[1]데이터시트!$B$3:$N$196,9,FALSE),"") -> 에너지ㆍ자원 | AX76: =IFERROR(VLOOKUP(AZ31,[1]데이터시트!$B$3:$N$196,9,FALSE),"") | AY76: =IFERROR(VLOOKUP(BA31,[1]데이터시트!$B$3:$N$196,9,FALSE),"") | AZ76: =IFERROR(VLOOKUP(BC31,[1]데이터시트!$B$3:$N$196,9,FALSE),"") | BA76: =IFERROR(VLOOKUP(BD32,[1]데이터시트!$B$3:$N$196,9,FALSE),"") -> 공예ㆍ디자인 | BC76: =IFERROR(VLOOKUP(BE32,[1]데이터시트!$B$3:$N$196,9,FALSE),"") | BD76: =IFERROR(VLOOKUP(BF32,[1]데이터시트!$B$3:$N$196,9,FALSE),"") | BE76: =IFERROR(VLOOKUP(BH32,[1]데이터시트!$B$3:$N$196,9,FALSE),"")
F77: =IFERROR(VLOOKUP(#REF!,[1]데이터시트!$B$3:$N$196,9,FALSE),"") | G77: =IFERROR(VLOOKUP(#REF!,[1]데이터시트!$B$3:$N$196,9,FALSE),"") | H77: =IFERROR(VLOOKUP(#REF!,[1]데이터시트!$B$3:$N$196,9,FALSE),"") | J77: =IFERROR(VLOOKUP(J38,[1]데이터시트!$B$3:$N$196,9,FALSE),"") | K77: =IFERROR(VLOOKUP(K35,[1]데이터시트!$B$3:$N$196,9,FALSE),"") -> 정보ㆍ통신 | L77: =IFERROR(VLOOKUP(L35,[1]데이터시트!$B$3:$N$196,9,FALSE),"") | M77: =IFERROR(VLOOKUP(M35,[1]데이터시트!$B$3:$N$196,9,FALSE),"") | O77: =IFERROR(VLOOKUP(O32,[1]데이터시트!$B$3:$N$196,9,FALSE),"") | P77: =IFERROR(VLOOKUP(P38,[1]데이터시트!$B$3:$N$196,9,FALSE),"") -> 정보ㆍ통신 | Q77: =IFERROR(VLOOKUP(Q38,[1]데이터시트!$B$3:$N$196,9,FALSE),"") | R77: =IFERROR(VLOOKUP(R38,[1]데이터시트!$B$3:$N$196,9,FALSE),"") | T77: =IFERROR(VLOOKUP(T38,[1]데이터시트!$B$3:$N$196,9,FALSE),"") | U77: =IFERROR(VLOOKUP(U39,[1]데이터시트!$B$3:$N$196,9,FALSE),"") -> 정보ㆍ통신 | V77: =IFERROR(VLOOKUP(V39,[1]데이터시트!$B$3:$N$196,9,FALSE),"") | W77: =IFERROR(VLOOKUP(W39,[1]데이터시트!$B$3:$N$196,9,FALSE),"") | Y77: =IFERROR(VLOOKUP(Y39,[1]데이터시트!$B$3:$N$196,9,FALSE),"") | Z77: =IFERROR(VLOOKUP(AB38,[1]데이터시트!$B$3:$N$196,9,FALSE),"") | AA77: =IFERROR(VLOOKUP(AD38,[1]데이터시트!$B$3:$N$196,9,FALSE),"") | AB77: =IFERROR(VLOOKUP(AE40,[1]데이터시트!$B$3:$N$196,9,FALSE),"") -> 기계ㆍ소재 | AD77: =IFERROR(VLOOKUP(AF40,[1]데이터시트!$B$3:$N$196,9,FALSE),"") | AE77: =IFERROR(VLOOKUP(AG40,[1]데이터시트!$B$3:$N$196,9,FALSE),"") | AF77: =IFERROR(VLOOKUP(AI40,[1]데이터시트!$B$3:$N$196,9,FALSE),"") | AG77: =IFERROR(VLOOKUP(AJ33,[1]데이터시트!$B$3:$N$196,9,FALSE),"") -> 바이오ㆍ의료ㆍ생명 | AI77: =IFERROR(VLOOKUP(AK33,[1]데이터시트!$B$3:$N$196,9,FALSE),"") | AJ77: =IFERROR(VLOOKUP(AL33,[1]데이터시트!$B$3:$N$196,9,FALSE),"") | AK77: =IFERROR(VLOOKUP(AN33,[1]데이터시트!$B$3:$N$196,9,FALSE),"") | AL77: =IFERROR(VLOOKUP(AO38,[1]데이터시트!$B$3:$N$196,9,FALSE),"") -> 바이오ㆍ의료ㆍ생명 | AN77: =IFERROR(VLOOKUP(AP38,[1]데이터시트!$B$3:$N$196,9,FALSE),"") | AO77: =IFERROR(VLOOKUP(AQ38,[1]데이터시트!$B$3:$N$196,9,FALSE),"") | AP77: =IFERROR(VLOOKUP(AS38,[1]데이터시트!$B$3:$N$196,9,FALSE),"") | AQ77: =IFERROR(VLOOKUP(AT39,[1]데이터시트!$B$3:$N$196,9,FALSE),"") -> 화공ㆍ섬유 | AS77: =IFERROR(VLOOKUP(AU39,[1]데이터시트!$B$3:$N$196,9,FALSE),"") | AT77: =IFERROR(VLOOKUP(AV39,[1]데이터시트!$B$3:$N$196,9,FALSE),"") | AU77: =IFERROR(VLOOKUP(AX39,[1]데이터시트!$B$3:$N$196,9,FALSE),"") | AV77: =IFERROR(VLOOKUP(AY37,[1]데이터시트!$B$3:$N$196,9,FALSE),"") -> 에너지ㆍ자원 | AX77: =IFERROR(VLOOKUP(AZ37,[1]데이터시트!$B$3:$N$196,9,FALSE),"") | AY77: =IFERROR(VLOOKUP(BA37,[1]데이터시트!$B$3:$N$196,9,FALSE),"") | AZ77: =IFERROR(VLOOKUP(BC37,[1]데이터시트!$B$3:$N$196,9,FALSE),"") | BA77: =IFERROR(VLOOKUP(BD39,[1]데이터시트!$B$3:$N$196,9,FALSE),"") -> 공예ㆍ디자인 | BC77: =IFERROR(VLOOKUP(BE39,[1]데이터시트!$B$3:$N$196,9,FALSE),"") | BD77: =IFERROR(VLOOKUP(BF39,[1]데이터시트!$B$3:$N$196,9,FALSE),"") | BE77: =IFERROR(VLOOKUP(BH39,[1]데이터시트!$B$3:$N$196,9,FALSE),"")
F78: =IFERROR(VLOOKUP(F40,[1]데이터시트!$B$3:$N$196,9,FALSE),"") -> 정보ㆍ통신 | G78: =IFERROR(VLOOKUP(G40,[1]데이터시트!$B$3:$N$196,9,FALSE),"") | H78: =IFERROR(VLOOKUP(H40,[1]데이터시트!$B$3:$N$196,9,FALSE),"") | J78: =IFERROR(VLOOKUP(J39,[1]데이터시트!$B$3:$N$196,9,FALSE),"") | K78: =IFERROR(VLOOKUP(K39,[1]데이터시트!$B$3:$N$196,9,FALSE),"") -> 정보ㆍ통신 | L78: =IFERROR(VLOOKUP(L39,[1]데이터시트!$B$3:$N$196,9,FALSE),"") | M78: =IFERROR(VLOOKUP(M39,[1]데이터시트!$B$3:$N$196,9,FALSE),"") | O78: =IFERROR(VLOOKUP(O39,[1]데이터시트!$B$3:$N$196,9,FALSE),"") | P78: =IFERROR(VLOOKUP(P39,[1]데이터시트!$B$3:$N$196,9,FALSE),"") -> 정보ㆍ통신 | Q78: =IFERROR(VLOOKUP(Q39,[1]데이터시트!$B$3:$N$196,9,FALSE),"") | R78: =IFERROR(VLOOKUP(R39,[1]데이터시트!$B$3:$N$196,9,FALSE),"") | T78: =IFERROR(VLOOKUP(T39,[1]데이터시트!$B$3:$N$196,9,FALSE),"") | U78: =IFERROR(VLOOKUP(U14,[1]데이터시트!$B$3:$N$196,9,FALSE),"") -> 정보ㆍ통신 | V78: =IFERROR(VLOOKUP(V14,[1]데이터시트!$B$3:$N$196,9,FALSE),"") | W78: =IFERROR(VLOOKUP(W14,[1]데이터시트!$B$3:$N$196,9,FALSE),"") | Y78: =IFERROR(VLOOKUP(Y14,[1]데이터시트!$B$3:$N$196,9,FALSE),"") | Z78: =IFERROR(VLOOKUP(AB39,[1]데이터시트!$B$3:$N$196,9,FALSE),"") | AA78: =IFERROR(VLOOKUP(AD39,[1]데이터시트!$B$3:$N$196,9,FALSE),"") | AB78: =IFERROR(VLOOKUP(AE38,[1]데이터시트!$B$3:$N$196,9,FALSE),"") -> 기계ㆍ소재 | AD78: =IFERROR(VLOOKUP(AF38,[1]데이터시트!$B$3:$N$196,9,FALSE),"") | AE78: =IFERROR(VLOOKUP(AG38,[1]데이터시트!$B$3:$N$196,9,FALSE),"") | AF78: =IFERROR(VLOOKUP(AI38,[1]데이터시트!$B$3:$N$196,9,FALSE),"") | AG78: =IFERROR(VLOOKUP(AJ40,[1]데이터시트!$B$3:$N$196,9,FALSE),"") -> 바이오ㆍ의료ㆍ생명 | AI78: =IFERROR(VLOOKUP(AK40,[1]데이터시트!$B$3:$N$196,9,FALSE),"") | AJ78: =IFERROR(VLOOKUP(AL40,[1]데이터시트!$B$3:$N$196,9,FALSE),"") | AK78: =IFERROR(VLOOKUP(AN40,[1]데이터시트!$B$3:$N$196,9,FALSE),"") | AL78: =IFERROR(VLOOKUP(AO39,[1]데이터시트!$B$3:$N$196,9,FALSE),"") -> 바이오ㆍ의료ㆍ생명 | AN78: =IFERROR(VLOOKUP(AP39,[1]데이터시트!$B$3:$N$196,9,FALSE),"") | AO78: =IFERROR(VLOOKUP(AQ39,[1]데이터시트!$B$3:$N$196,9,FALSE),"") | AP78: =IFERROR(VLOOKUP(AS39,[1]데이터시트!$B$3:$N$196,9,FALSE),"") | AQ78: =IFERROR(VLOOKUP(AT29,[1]데이터시트!$B$3:$N$196,9,FALSE),"") -> 화공ㆍ섬유 | AS78: =IFERROR(VLOOKUP(AU29,[1]데이터시트!$B$3:$N$196,9,FALSE),"") | AT78: =IFERROR(VLOOKUP(AV29,[1]데이터시트!$B$3:$N$196,9,FALSE),"") | AU78: =IFERROR(VLOOKUP(AX29,[1]데이터시트!$B$3:$N$196,9,FALSE),"") | AV78: =IFERROR(VLOOKUP(AY39,[1]데이터시트!$B$3:$N$196,9,FALSE),"") -> 에너지ㆍ자원 | AX78: =IFERROR(VLOOKUP(AZ39,[1]데이터시트!$B$3:$N$196,9,FALSE),"") | AY78: =IFERROR(VLOOKUP(BA39,[1]데이터시트!$B$3:$N$196,9,FALSE),"") | AZ78: =IFERROR(VLOOKUP(BC39,[1]데이터시트!$B$3:$N$196,9,FALSE),"") | BA78: =IFERROR(VLOOKUP(BD40,[1]데이터시트!$B$3:$N$196,9,FALSE),"") -> 공예ㆍ디자인 | BC78: =IFERROR(VLOOKUP(BE40,[1]데이터시트!$B$3:$N$196,9,FALSE),"") | BD78: =IFERROR(VLOOKUP(BF40,[1]데이터시트!$B$3:$N$196,9,FALSE),"") | BE78: =IFERROR(VLOOKUP(BH40,[1]데이터시트!$B$3:$N$196,9,FALSE),"")
F79: =IFERROR(VLOOKUP(F31,[1]데이터시트!$B$3:$N$196,9,FALSE),"") -> 정보ㆍ통신 | G79: =IFERROR(VLOOKUP(G31,[1]데이터시트!$B$3:$N$196,9,FALSE),"") | H79: =IFERROR(VLOOKUP(H31,[1]데이터시트!$B$3:$N$196,9,FALSE),"") | J79: =IFERROR(VLOOKUP(J40,[1]데이터시트!$B$3:$N$196,9,FALSE),"") | K79: =IFERROR(VLOOKUP(K40,[1]데이터시트!$B$3:$N$196,9,FALSE),"") -> 정보ㆍ통신 | L79: =IFERROR(VLOOKUP(L40,[1]데이터시트!$B$3:$N$196,9,FALSE),"") | M79: =IFERROR(VLOOKUP(M40,[1]데이터시트!$B$3:$N$196,9,FALSE),"") | O79: =IFERROR(VLOOKUP(O40,[1]데이터시트!$B$3:$N$196,9,FALSE),"") | P79: =IFERROR(VLOOKUP(P40,[1]데이터시트!$B$3:$N$196,9,FALSE),"") -> 정보ㆍ통신 | Q79: =IFERROR(VLOOKUP(Q40,[1]데이터시트!$B$3:$N$196,9,FALSE),"") | R79: =IFERROR(VLOOKUP(R40,[1]데이터시트!$B$3:$N$196,9,FALSE),"") | T79: =IFERROR(VLOOKUP(T40,[1]데이터시트!$B$3:$N$196,9,FALSE),"") | U79: =IFERROR(VLOOKUP(U32,[1]데이터시트!$B$3:$N$196,9,FALSE),"") -> 정보ㆍ통신 | V79: =IFERROR(VLOOKUP(V32,[1]데이터시트!$B$3:$N$196,9,FALSE),"") | W79: =IFERROR(VLOOKUP(W32,[1]데이터시트!$B$3:$N$196,9,FALSE),"") | Y79: =IFERROR(VLOOKUP(Y32,[1]데이터시트!$B$3:$N$196,9,FALSE),"") | Z79: =IFERROR(VLOOKUP(AB40,[1]데이터시트!$B$3:$N$196,9,FALSE),"") | AA79: =IFERROR(VLOOKUP(AD40,[1]데이터시트!$B$3:$N$196,9,FALSE),"") | AB79: =IFERROR(VLOOKUP(AE39,[1]데이터시트!$B$3:$N$196,9,FALSE),"") -> 기계ㆍ소재 | AD79: =IFERROR(VLOOKUP(AF39,[1]데이터시트!$B$3:$N$196,9,FALSE),"") | AE79: =IFERROR(VLOOKUP(AG39,[1]데이터시트!$B$3:$N$196,9,FALSE),"") | AF79: =IFERROR(VLOOKUP(AI39,[1]데이터시트!$B$3:$N$196,9,FALSE),"") | AG79: =IFERROR(VLOOKUP(AJ41,[1]데이터시트!$B$3:$N$196,9,FALSE),"") -> 바이오ㆍ의료ㆍ생명 | AI79: =IFERROR(VLOOKUP(AK41,[1]데이터시트!$B$3:$N$196,9,FALSE),"") | AJ79: =IFERROR(VLOOKUP(AL41,[1]데이터시트!$B$3:$N$196,9,FALSE),"") | AK79: =IFERROR(VLOOKUP(AN41,[1]데이터시트!$B$3:$N$196,9,FALSE),"") | AL79: =IFERROR(VLOOKUP(AO40,[1]데이터시트!$B$3:$N$196,9,FALSE),"") -> 바이오ㆍ의료ㆍ생명 | AN79: =IFERROR(VLOOKUP(AP40,[1]데이터시트!$B$3:$N$196,9,FALSE),"") | AO79: =IFERROR(VLOOKUP(AQ40,[1]데이터시트!$B$3:$N$196,9,FALSE),"") | AP79: =IFERROR(VLOOKUP(AS40,[1]데이터시트!$B$3:$N$196,9,FALSE),"") | AQ79: =IFERROR(VLOOKUP(AT40,[1]데이터시트!$B$3:$N$196,9,FALSE),"") -> 화공ㆍ섬유 | AS79: =IFERROR(VLOOKUP(AU40,[1]데이터시트!$B$3:$N$196,9,FALSE),"") | AT79: =IFERROR(VLOOKUP(AV40,[1]데이터시트!$B$3:$N$196,9,FALSE),"") | AU79: =IFERROR(VLOOKUP(AX40,[1]데이터시트!$B$3:$N$196,9,FALSE),"") | AV79: =IFERROR(VLOOKUP(AY35,[1]데이터시트!$B$3:$N$196,9,FALSE),"") -> 에너지ㆍ자원 | AX79: =IFERROR(VLOOKUP(AZ35,[1]데이터시트!$B$3:$N$196,9,FALSE),"") | AY79: =IFERROR(VLOOKUP(BA35,[1]데이터시트!$B$3:$N$196,9,FALSE),"") | AZ79: =IFERROR(VLOOKUP(BC35,[1]데이터시트!$B$3:$N$196,9,FALSE),"") | BA79: =IFERROR(VLOOKUP(BD33,[1]데이터시트!$B$3:$N$196,9,FALSE),"") -> 공예ㆍ디자인 | BC79: =IFERROR(VLOOKUP(BE33,[1]데이터시트!$B$3:$N$196,9,FALSE),"") | BD79: =IFERROR(VLOOKUP(BF33,[1]데이터시트!$B$3:$N$196,9,FALSE),"") | BE79: =IFERROR(VLOOKUP(BH33,[1]데이터시트!$B$3:$N$196,9,FALSE),"")
F80: =IFERROR(VLOOKUP(F41,[1]데이터시트!$B$3:$N$196,9,FALSE),"") -> 정보ㆍ통신 | G80: =IFERROR(VLOOKUP(G41,[1]데이터시트!$B$3:$N$196,9,FALSE),"") | H80: =IFERROR(VLOOKUP(H41,[1]데이터시트!$B$3:$N$196,9,FALSE),"") | J80: =IFERROR(VLOOKUP(J41,[1]데이터시트!$B$3:$N$196,9,FALSE),"") | K80: =IFERROR(VLOOKUP(K29,[1]데이터시트!$B$3:$N$196,9,FALSE),"") -> 정보ㆍ통신 | L80: =IFERROR(VLOOKUP(L29,[1]데이터시트!$B$3:$N$196,9,FALSE),"") | M80: =IFERROR(VLOOKUP(M29,[1]데이터시트!$B$3:$N$196,9,FALSE),"") | O80: =IFERROR(VLOOKUP(O35,[1]데이터시트!$B$3:$N$196,9,FALSE),"") | P80: =IFERROR(VLOOKUP(P41,[1]데이터시트!$B$3:$N$196,9,FALSE),"") -> 정보ㆍ통신 | Q80: =IFERROR(VLOOKUP(Q41,[1]데이터시트!$B$3:$N$196,9,FALSE),"") | R80: =IFERROR(VLOOKUP(R41,[1]데이터시트!$B$3:$N$196,9,FALSE),"") | T80: =IFERROR(VLOOKUP(T41,[1]데이터시트!$B$3:$N$196,9,FALSE),"") | U80: =IFERROR(VLOOKUP(U33,[1]데이터시트!$B$3:$N$196,9,FALSE),"") -> 정보ㆍ통신 | V80: =IFERROR(VLOOKUP(V33,[1]데이터시트!$B$3:$N$196,9,FALSE),"") | W80: =IFERROR(VLOOKUP(W33,[1]데이터시트!$B$3:$N$196,9,FALSE),"") | Y80: =IFERROR(VLOOKUP(Y33,[1]데이터시트!$B$3:$N$196,9,FALSE),"") | Z80: =IFERROR(VLOOKUP(AB41,[1]데이터시트!$B$3:$N$196,9,FALSE),"") | AA80: =IFERROR(VLOOKUP(AD41,[1]데이터시트!$B$3:$N$196,9,FALSE),"") | AB80: =IFERROR(VLOOKUP(AE41,[1]데이터시트!$B$3:$N$196,9,FALSE),"") -> 기계ㆍ소재 | AD80: =IFERROR(VLOOKUP(AF41,[1]데이터시트!$B$3:$N$196,9,FALSE),"") | AE80: =IFERROR(VLOOKUP(AG41,[1]데이터시트!$B$3:$N$196,9,FALSE),"") | AF80: =IFERROR(VLOOKUP(AI41,[1]데이터시트!$B$3:$N$196,9,FALSE),"") | AG80: =IFERROR(VLOOKUP(#REF!,[1]데이터시트!$B$3:$N$196,9,FALSE),"") | AI80: =IFERROR(VLOOKUP(#REF!,[1]데이터시트!$B$3:$N$196,9,FALSE),"") | AJ80: =IFERROR(VLOOKUP(#REF!,[1]데이터시트!$B$3:$N$196,9,FALSE),"") | AK80: =IFERROR(VLOOKUP(#REF!,[1]데이터시트!$B$3:$N$196,9,FALSE),"") | AL80: =IFERROR(VLOOKUP(AO41,[1]데이터시트!$B$3:$N$196,9,FALSE),"") -> 바이오ㆍ의료ㆍ생명 | AN80: =IFERROR(VLOOKUP(AP41,[1]데이터시트!$B$3:$N$196,9,FALSE),"") | AO80: =IFERROR(VLOOKUP(AQ41,[1]데이터시트!$B$3:$N$196,9,FALSE),"") | AP80: =IFERROR(VLOOKUP(AS41,[1]데이터시트!$B$3:$N$196,9,FALSE),"") | AQ80: =IFERROR(VLOOKUP(AT41,[1]데이터시트!$B$3:$N$196,9,FALSE),"") -> 화공ㆍ섬유 | AS80: =IFERROR(VLOOKUP(AU41,[1]데이터시트!$B$3:$N$196,9,FALSE),"") | AT80: =IFERROR(VLOOKUP(AV41,[1]데이터시트!$B$3:$N$196,9,FALSE),"") | AU80: =IFERROR(VLOOKUP(AX41,[1]데이터시트!$B$3:$N$196,9,FALSE),"") | AV80: =IFERROR(VLOOKUP(AY32,[1]데이터시트!$B$3:$N$196,9,FALSE),"") -> 에너지ㆍ자원 | AX80: =IFERROR(VLOOKUP(AZ32,[1]데이터시트!$B$3:$N$196,9,FALSE),"") | AY80: =IFERROR(VLOOKUP(BA32,[1]데이터시트!$B$3:$N$196,9,FALSE),"") | AZ80: =IFERROR(VLOOKUP(BC32,[1]데이터시트!$B$3:$N$196,9,FALSE),"") | BA80: =IFERROR(VLOOKUP(BD41,[1]데이터시트!$B$3:$N$196,9,FALSE),"") -> 공예ㆍ디자인 | BC80: =IFERROR(VLOOKUP(BE41,[1]데이터시트!$B$3:$N$196,9,FALSE),"") | BD80: =IFERROR(VLOOKUP(BF41,[1]데이터시트!$B$3:$N$196,9,FALSE),"") | BE80: =IFERROR(VLOOKUP(BH41,[1]데이터시트!$B$3:$N$196,9,FALSE),"")
F81: =IFERROR(VLOOKUP(F42,[1]데이터시트!$B$3:$N$196,9,FALSE),"") | G81: =IFERROR(VLOOKUP(G42,[1]데이터시트!$B$3:$N$196,9,FALSE),"") | H81: =IFERROR(VLOOKUP(H42,[1]데이터시트!$B$3:$N$196,9,FALSE),"") | J81: =IFERROR(VLOOKUP(J42,[1]데이터시트!$B$3:$N$196,9,FALSE),"") | K81: =IFERROR(VLOOKUP(K42,[1]데이터시트!$B$3:$N$196,9,FALSE),"") | L81: =IFERROR(VLOOKUP(L42,[1]데이터시트!$B$3:$N$196,9,FALSE),"") | M81: =IFERROR(VLOOKUP(M42,[1]데이터시트!$B$3:$N$196,9,FALSE),"") | O81: =IFERROR(VLOOKUP(O42,[1]데이터시트!$B$3:$N$196,9,FALSE),"") | P81: =IFERROR(VLOOKUP(P42,[1]데이터시트!$B$3:$N$196,9,FALSE),"") | Q81: =IFERROR(VLOOKUP(Q42,[1]데이터시트!$B$3:$N$196,9,FALSE),"") | R81: =IFERROR(VLOOKUP(R42,[1]데이터시트!$B$3:$N$196,9,FALSE),"") | T81: =IFERROR(VLOOKUP(T42,[1]데이터시트!$B$3:$N$196,9,FALSE),"") | U81: =IFERROR(VLOOKUP(U42,[1]데이터시트!$B$3:$N$196,9,FALSE),"") | V81: =IFERROR(VLOOKUP(V42,[1]데이터시트!$B$3:$N$196,9,FALSE),"") | W81: =IFERROR(VLOOKUP(W42,[1]데이터시트!$B$3:$N$196,9,FALSE),"") | Y81: =IFERROR(VLOOKUP(Y42,[1]데이터시트!$B$3:$N$196,9,FALSE),"") | Z81: =IFERROR(VLOOKUP(AB42,[1]데이터시트!$B$3:$N$196,9,FALSE),"") | AA81: =IFERROR(VLOOKUP(AD42,[1]데이터시트!$B$3:$N$196,9,FALSE),"") | AB81: =IFERROR(VLOOKUP(AE42,[1]데이터시트!$B$3:$N$196,9,FALSE),"") -> 기계ㆍ소재 | AD81: =IFERROR(VLOOKUP(AF42,[1]데이터시트!$B$3:$N$196,9,FALSE),"") | AE81: =IFERROR(VLOOKUP(AG42,[1]데이터시트!$B$3:$N$196,9,FALSE),"") | AF81: =IFERROR(VLOOKUP(AI42,[1]데이터시트!$B$3:$N$196,9,FALSE),"") | AG81: =IFERROR(VLOOKUP(AJ42,[1]데이터시트!$B$3:$N$196,9,FALSE),"") | AI81: =IFERROR(VLOOKUP(AK42,[1]데이터시트!$B$3:$N$196,9,FALSE),"") | AJ81: =IFERROR(VLOOKUP(AL42,[1]데이터시트!$B$3:$N$196,9,FALSE),"") | AK81: =IFERROR(VLOOKUP(AN42,[1]데이터시트!$B$3:$N$196,9,FALSE),"") | AL81: =IFERROR(VLOOKUP(AO42,[1]데이터시트!$B$3:$N$196,9,FALSE),"") -> 바이오ㆍ의료ㆍ생명 | AN81: =IFERROR(VLOOKUP(AP42,[1]데이터시트!$B$3:$N$196,9,FALSE),"") | AO81: =IFERROR(VLOOKUP(AQ42,[1]데이터시트!$B$3:$N$196,9,FALSE),"") | AP81: =IFERROR(VLOOKUP(AS42,[1]데이터시트!$B$3:$N$196,9,FALSE),"") | AQ81: =IFERROR(VLOOKUP(AT42,[1]데이터시트!$B$3:$N$196,9,FALSE),"") | AS81: =IFERROR(VLOOKUP(AU42,[1]데이터시트!$B$3:$N$196,9,FALSE),"") | AT81: =IFERROR(VLOOKUP(AV42,[1]데이터시트!$B$3:$N$196,9,FALSE),"") | AU81: =IFERROR(VLOOKUP(AX42,[1]데이터시트!$B$3:$N$196,9,FALSE),"") | AV81: =IFERROR(VLOOKUP(AY42,[1]데이터시트!$B$3:$N$196,9,FALSE),"") | AX81: =IFERROR(VLOOKUP(AZ42,[1]데이터시트!$B$3:$N$196,9,FALSE),"") | AY81: =IFERROR(VLOOKUP(BA42,[1]데이터시트!$B$3:$N$196,9,FALSE),"") | AZ81: =IFERROR(VLOOKUP(BC42,[1]데이터시트!$B$3:$N$196,9,FALSE),"") | BA81: =IFERROR(VLOOKUP(BD42,[1]데이터시트!$B$3:$N$196,9,FALSE),"") | BC81: =IFERROR(VLOOKUP(BE42,[1]데이터시트!$B$3:$N$196,9,FALSE),"") | BD81: =IFERROR(VLOOKUP(BF42,[1]데이터시트!$B$3:$N$196,9,FALSE),"") | BE81: =IFERROR(VLOOKUP(BH42,[1]데이터시트!$B$3:$N$196,9,FALSE),"")
F82: =IFERROR(VLOOKUP(F43,[1]데이터시트!$B$3:$N$196,9,FALSE),"") | G82: =IFERROR(VLOOKUP(G43,[1]데이터시트!$B$3:$N$196,9,FALSE),"") | H82: =IFERROR(VLOOKUP(H43,[1]데이터시트!$B$3:$N$196,9,FALSE),"") | J82: =IFERROR(VLOOKUP(J43,[1]데이터시트!$B$3:$N$196,9,FALSE),"") | K82: =IFERROR(VLOOKUP(K43,[1]데이터시트!$B$3:$N$196,9,FALSE),"") | L82: =IFERROR(VLOOKUP(L43,[1]데이터시트!$B$3:$N$196,9,FALSE),"") | M82: =IFERROR(VLOOKUP(M43,[1]데이터시트!$B$3:$N$196,9,FALSE),"") | O82: =IFERROR(VLOOKUP(O43,[1]데이터시트!$B$3:$N$196,9,FALSE),"") | P82: =IFERROR(VLOOKUP(P43,[1]데이터시트!$B$3:$N$196,9,FALSE),"") | Q82: =IFERROR(VLOOKUP(Q43,[1]데이터시트!$B$3:$N$196,9,FALSE),"") | R82: =IFERROR(VLOOKUP(R43,[1]데이터시트!$B$3:$N$196,9,FALSE),"") | T82: =IFERROR(VLOOKUP(T43,[1]데이터시트!$B$3:$N$196,9,FALSE),"") | Z82: =IFERROR(VLOOKUP(AB43,[1]데이터시트!$B$3:$N$196,9,FALSE),"") | AA82: =IFERROR(VLOOKUP(AD43,[1]데이터시트!$B$3:$N$196,9,FALSE),"") | AB82: =IFERROR(VLOOKUP(AE43,[1]데이터시트!$B$3:$N$196,9,FALSE),"") | AD82: =IFERROR(VLOOKUP(AF43,[1]데이터시트!$B$3:$N$196,9,FALSE),"") | AJ82: =IFERROR(VLOOKUP(AL43,[1]데이터시트!$B$3:$N$196,9,FALSE),"") | AK82: =IFERROR(VLOOKUP(AN43,[1]데이터시트!$B$3:$N$196,9,FALSE),"") | AL82: =IFERROR(VLOOKUP(AO43,[1]데이터시트!$B$3:$N$196,9,FALSE),"") | AN82: =IFERROR(VLOOKUP(AP43,[1]데이터시트!$B$3:$N$196,9,FALSE),"") | AO82: =IFERROR(VLOOKUP(AQ43,[1]데이터시트!$B$3:$N$196,9,FALSE),"") | AP82: =IFERROR(VLOOKUP(AS43,[1]데이터시트!$B$3:$N$196,9,FALSE),"") | AQ82: =IFERROR(VLOOKUP(AT43,[1]데이터시트!$B$3:$N$196,9,FALSE),"") | AS82: =IFERROR(VLOOKUP(AU43,[1]데이터시트!$B$3:$N$196,9,FALSE),"") | BD82: =IFERROR(VLOOKUP(BF43,[1]데이터시트!$B$3:$N$196,9,FALSE),"") | BE82: =IFERROR(VLOOKUP(BH43,[1]데이터시트!$B$3:$N$196,9,FALSE),"")
AB83: =IFERROR(VLOOKUP(AE44,[1]데이터시트!$B$3:$N$196,9,FALSE),"")
